order_number,open_date,close_date,cust_acct_number,cust_name,branch_number,district_number,region_number,equip_cat_code,equip_class_code,serial_number,day_rate,rental_days,total_revenue,on_rent_flag,damage_waiver_flag,job_site_state,po_number
100000,2022-01-01 00:00:00,2022-01-03 00:00:00,48067,Customer_0,1154,13,1,AE,CR04,SN100000,94.41,14,1296.4,0,0,CA,PO200000
100001,2022-01-01 14:00:00,2022-01-03 14:00:00,52685,Customer_1,1151,13,1,EL,CR04,SN100001,60.53,14,724.08,0,1,NY,PO200001
100002,2022-01-02 04:00:00,2022-01-04 04:00:00,28073,Customer_2,1151,11,3,CR,EL03,SN100002,104.94,7,715.38,0,1,OH,PO200002
100003,2022-01-02 18:00:00,2022-01-04 18:00:00,46035,Customer_3,1153,12,3,FO,CR04,SN100003,193.66,180,30304.33,0,1,OH,
100004,2022-01-03 08:00:00,2022-01-05 08:00:00,74977,Customer_4,1150,13,3,FO,AE01,SN100004,56.6,14,713.43,1,1,CA,PO200004
100005,2022-01-03 22:00:00,2022-01-05 22:00:00,93362,Customer_5,1154,12,3,CR,EL03,SN100005,56.61,3,163.28,1,0,TX,PO200005
100006,2022-01-04 12:00:00,2022-01-06 12:00:00,75450,Customer_6,1151,12,1,FO,CO01,SN100006,201.43,1,176.07,0,1,TX,PO200006
100007,2022-01-05 02:00:00,2022-01-07 02:00:00,20382,Customer_7,1154,13,1,CO,EL03,SN100007,114.11,3,333.0,0,0,TX,PO200007
100008,2022-01-05 16:00:00,2022-01-07 16:00:00,14437,Customer_8,1151,13,3,EL,FO02,SN100008,48.01,3,140.4,0,1,OH,PO200008
100009,2022-01-06 06:00:00,2022-01-08 06:00:00,80971,Customer_9,1154,12,2,AE,CO01,SN100009,97.49,3,270.87,0,1,NY,
100010,2022-01-06 20:00:00,2022-01-08 20:00:00,74612,Customer_10,1152,13,2,CR,FO02,SN100010,48.21,3,123.08,0,1,CA,PO200010
100011,2022-01-07 10:00:00,2022-01-09 10:00:00,71929,Customer_11,1151,12,1,CO,CO01,SN100011,48.13,3,128.96,1,0,FL,
100012,2022-01-08 00:00:00,2022-01-10 00:00:00,22329,Customer_12,1154,12,3,AE,CR04,SN100012,78.99,3,223.37,1,1,NY,PO200012
100013,2022-01-08 14:00:00,2022-01-10 14:00:00,35169,Customer_13,1150,13,3,AE,EL03,SN100013,20.0,60,1196.61,0,0,FL,PO200013
100014,2022-01-09 04:00:00,2022-01-11 04:00:00,97468,Customer_14,1152,11,1,CR,AE01,SN100014,20.0,1,18.9,0,0,NY,
100015,2022-01-09 18:00:00,2022-01-11 18:00:00,44594,Customer_15,1152,13,2,CO,CO01,SN100015,44.99,7,279.95,0,1,TX,PO200015
100016,2022-01-10 08:00:00,2022-01-12 08:00:00,86957,Customer_16,1150,11,2,AE,CO01,SN100016,32.82,7,217.12,0,0,OH,PO200016
100017,2022-01-10 22:00:00,2022-01-12 22:00:00,70631,Customer_17,1154,12,2,AE,FO02,SN100017,83.09,180,13924.87,0,1,FL,PO200017
100018,2022-01-11 12:00:00,2022-01-13 12:00:00,55033,Customer_18,1153,12,1,CO,CR04,SN100018,35.32,1,34.15,0,0,NY,PO200018
100019,2022-01-12 02:00:00,2022-01-14 02:00:00,73133,Customer_19,1150,11,2,FO,FO02,SN100019,24.81,7,150.43,1,0,OH,PO200019
100020,2022-01-12 16:00:00,2022-01-14 16:00:00,83165,Customer_20,1154,12,1,AE,FO02,SN100020,186.04,90,16143.29,0,1,FL,PO200020
100021,2022-01-13 06:00:00,2022-01-15 06:00:00,83861,Customer_21,1150,11,1,EL,CR04,SN100021,56.94,28,1484.55,0,1,CA,PO200021
100022,2022-01-13 20:00:00,2022-01-15 20:00:00,62290,Customer_22,1150,11,3,CO,AE01,SN100022,69.91,28,1946.73,1,1,NY,PO200022
100023,2022-01-14 10:00:00,2022-01-16 10:00:00,41750,Customer_23,1151,12,2,AE,FO02,SN100023,24.6,3,66.51,1,1,CA,PO200023
100024,2022-01-15 00:00:00,2022-01-17 00:00:00,50461,Customer_24,1154,11,1,CR,FO02,SN100024,45.56,3,129.14,0,1,TX,PO200024
100025,2022-01-15 14:00:00,2022-01-17 14:00:00,83800,Customer_25,1153,13,2,EL,CO01,SN100025,72.07,14,998.7,0,0,CA,PO200025
100026,2022-01-16 04:00:00,2022-01-18 04:00:00,88222,Customer_26,1151,13,2,AE,CR04,SN100026,29.79,60,1546.98,0,1,CA,
100027,2022-01-16 18:00:00,2022-01-18 18:00:00,34226,Customer_27,1150,12,3,EL,EL03,SN100027,86.75,14,1203.01,1,1,NY,
100028,2022-01-17 08:00:00,2022-01-19 08:00:00,16721,Customer_28,1150,12,2,EL,AE01,SN100028,43.8,14,584.44,1,1,TX,
100029,2022-01-17 22:00:00,2022-01-19 22:00:00,66154,Customer_29,1150,11,3,FO,AE01,SN100029,54.37,3,140.3,0,1,CA,PO200029
100030,2022-01-18 12:00:00,2022-01-20 12:00:00,30609,Customer_30,1154,11,1,EL,CR04,SN100030,43.76,28,1096.9,0,1,OH,PO200030
100031,2022-01-19 02:00:00,2022-01-21 02:00:00,62130,Customer_31,1154,11,2,FO,CO01,SN100031,243.86,3,699.56,1,1,FL,PO200031
100032,2022-01-19 16:00:00,2022-01-21 16:00:00,82909,Customer_32,1151,11,1,CO,CO01,SN100032,66.06,7,397.72,0,1,CA,PO200032
100033,2022-01-20 06:00:00,2022-01-22 06:00:00,65249,Customer_33,1153,13,2,FO,CR04,SN100033,31.8,7,208.68,0,0,TX,
100034,2022-01-20 20:00:00,2022-01-22 20:00:00,58895,Customer_34,1151,13,1,CR,CO01,SN100034,118.6,7,748.76,0,0,CA,PO200034
100035,2022-01-21 10:00:00,2022-01-23 10:00:00,15656,Customer_35,1152,12,2,AE,AE01,SN100035,28.37,3,80.28,0,1,FL,PO200035
100036,2022-01-22 00:00:00,2022-01-24 00:00:00,84520,Customer_36,1150,11,2,CO,AE01,SN100036,77.18,1,66.14,0,0,TX,PO200036
100037,2022-01-22 14:00:00,2022-01-24 14:00:00,73740,Customer_37,1150,11,2,CO,EL03,SN100037,20.0,14,274.6,1,1,NY,PO200037
100038,2022-01-23 04:00:00,2022-01-25 04:00:00,74309,Customer_38,1150,12,2,CR,CR04,SN100038,26.32,3,78.64,1,0,TX,PO200038
100039,2022-01-23 18:00:00,2022-01-25 18:00:00,39984,Customer_39,1151,11,2,FO,FO02,SN100039,76.54,14,1066.55,0,1,NY,PO200039
100040,2022-01-24 08:00:00,2022-01-26 08:00:00,83822,Customer_40,1151,11,2,AE,FO02,SN100040,111.82,3,322.87,0,0,TX,PO200040
100041,2022-01-24 22:00:00,2022-01-26 22:00:00,15901,Customer_41,1150,11,2,FO,EL03,SN100041,75.19,7,457.62,0,0,FL,PO200041
100042,2022-01-25 12:00:00,2022-01-27 12:00:00,41552,Customer_42,1151,11,2,EL,EL03,SN100042,61.5,7,414.89,0,1,FL,PO200042
100043,2022-01-26 02:00:00,2022-01-28 02:00:00,41055,Customer_43,1154,11,2,FO,CO01,SN100043,54.01,1,46.11,0,1,TX,
100044,2022-01-26 16:00:00,2022-01-28 16:00:00,47685,Customer_44,1154,12,1,CO,EL03,SN100044,23.69,7,141.5,1,1,CA,PO200044
100045,2022-01-27 06:00:00,2022-01-29 06:00:00,83965,Customer_45,1151,11,3,AE,EL03,SN100045,40.29,1,36.2,0,1,FL,PO200045
100046,2022-01-27 20:00:00,2022-01-29 20:00:00,24716,Customer_46,1150,12,2,FO,FO02,SN100046,48.31,1,44.6,0,1,NY,PO200046
100047,2022-01-28 10:00:00,2022-01-30 10:00:00,21138,Customer_47,1151,11,3,AE,CO01,SN100047,139.77,180,24291.86,0,1,NY,
100048,2022-01-29 00:00:00,2022-01-31 00:00:00,45298,Customer_48,1151,13,2,AE,EL03,SN100048,84.82,7,565.53,1,1,OH,PO200048
100049,2022-01-29 14:00:00,2022-01-31 14:00:00,61112,Customer_49,1151,13,2,EL,EL03,SN100049,20.0,28,513.46,1,0,NY,PO200049
100050,2022-01-30 04:00:00,2022-02-01 04:00:00,33429,Customer_50,1152,13,1,EL,CO01,SN100050,83.67,3,223.66,1,1,OH,
100051,2022-01-30 18:00:00,2022-02-01 18:00:00,60200,Customer_51,1154,13,1,CO,CR04,SN100051,50.93,14,712.71,1,1,TX,PO200051
100052,2022-01-31 08:00:00,2022-02-02 08:00:00,81308,Customer_52,1153,12,3,CR,CO01,SN100052,41.52,28,1062.47,0,1,TX,
100053,2022-01-31 22:00:00,2022-02-02 22:00:00,58244,Customer_53,1153,12,1,AE,FO02,SN100053,102.33,14,1314.69,0,0,TX,
100054,2022-02-01 12:00:00,2022-02-03 12:00:00,27347,Customer_54,1152,11,1,CR,CR04,SN100054,137.24,7,840.13,0,1,CA,
100055,2022-02-02 02:00:00,2022-02-04 02:00:00,26920,Customer_55,1151,13,3,CO,AE01,SN100055,127.98,7,868.31,0,1,CA,
100056,2022-02-02 16:00:00,2022-02-04 16:00:00,41822,Customer_56,1152,12,1,AE,CO01,SN100056,37.06,7,247.5,0,1,OH,PO200056
100057,2022-02-03 06:00:00,2022-02-05 06:00:00,56659,Customer_57,1152,11,2,AE,FO02,SN100057,53.71,60,2845.79,0,0,NY,
100058,2022-02-03 20:00:00,2022-02-05 20:00:00,50108,Customer_58,1150,11,3,CR,CR04,SN100058,84.09,28,2030.43,0,1,NY,
100059,2022-02-04 10:00:00,2022-02-06 10:00:00,99099,Customer_59,1154,12,3,FO,CO01,SN100059,132.01,90,11311.55,0,0,TX,
100060,2022-02-05 00:00:00,2022-02-07 00:00:00,17967,Customer_60,1153,13,2,EL,EL03,SN100060,47.68,1,45.21,0,0,FL,
100061,2022-02-05 14:00:00,2022-02-07 14:00:00,21871,Customer_61,1151,11,1,FO,CO01,SN100061,58.56,14,730.46,1,1,CA,
100062,2022-02-06 04:00:00,2022-02-08 04:00:00,87452,Customer_62,1153,13,3,CR,AE01,SN100062,30.74,60,1830.81,0,1,CA,PO200062
100063,2022-02-06 18:00:00,2022-02-08 18:00:00,84270,Customer_63,1153,13,3,EL,CO01,SN100063,28.87,3,75.57,0,1,TX,
100064,2022-02-07 08:00:00,2022-02-09 08:00:00,43613,Customer_64,1154,13,2,FO,CR04,SN100064,117.77,1,107.75,0,1,CA,PO200064
100065,2022-02-07 22:00:00,2022-02-09 22:00:00,38179,Customer_65,1153,11,2,EL,CR04,SN100065,172.32,14,2392.11,0,0,TX,PO200065
100066,2022-02-08 12:00:00,2022-02-10 12:00:00,62188,Customer_66,1153,13,1,AE,CO01,SN100066,63.41,14,810.45,0,0,OH,
100067,2022-02-09 02:00:00,2022-02-11 02:00:00,65099,Customer_67,1152,11,3,FO,CR04,SN100067,134.62,28,3565.04,0,1,NY,PO200067
100068,2022-02-09 16:00:00,2022-02-11 16:00:00,45262,Customer_68,1154,13,1,EL,EL03,SN100068,85.9,1,78.13,0,0,FL,
100069,2022-02-10 06:00:00,2022-02-12 06:00:00,88213,Customer_69,1150,11,1,EL,CO01,SN100069,42.45,28,1059.29,0,0,NY,
100070,2022-02-10 20:00:00,2022-02-12 20:00:00,28268,Customer_70,1151,13,2,EL,EL03,SN100070,85.88,3,257.03,0,0,NY,
100071,2022-02-11 10:00:00,2022-02-13 10:00:00,87866,Customer_71,1153,12,3,FO,EL03,SN100071,195.71,3,535.11,0,0,OH,PO200071
100072,2022-02-12 00:00:00,2022-02-14 00:00:00,96269,Customer_72,1151,13,3,CO,FO02,SN100072,65.03,3,192.01,0,1,CA,PO200072
100073,2022-02-12 14:00:00,2022-02-14 14:00:00,70545,Customer_73,1150,13,3,FO,CO01,SN100073,199.39,28,4937.99,0,0,FL,PO200073
100074,2022-02-13 04:00:00,2022-02-15 04:00:00,82146,Customer_74,1151,11,2,CR,CR04,SN100074,20.0,14,246.95,0,1,CA,PO200074
100075,2022-02-13 18:00:00,2022-02-15 18:00:00,81966,Customer_75,1150,11,2,FO,EL03,SN100075,118.55,7,709.25,0,0,NY,PO200075
100076,2022-02-14 08:00:00,2022-02-16 08:00:00,49922,Customer_76,1152,13,2,EL,FO02,SN100076,70.88,7,470.21,0,1,TX,
100077,2022-02-14 22:00:00,2022-02-16 22:00:00,89364,Customer_77,1153,12,2,AE,CO01,SN100077,54.09,60,2938.13,0,0,NY,PO200077
100078,2022-02-15 12:00:00,2022-02-17 12:00:00,52913,Customer_78,1150,12,2,FO,CO01,SN100078,71.11,7,487.64,0,1,CA,
100079,2022-02-16 02:00:00,2022-02-18 02:00:00,65677,Customer_79,1151,11,3,FO,AE01,SN100079,20.0,28,515.75,0,1,NY,
100080,2022-02-16 16:00:00,2022-02-18 16:00:00,59841,Customer_80,1153,12,1,EL,AE01,SN100080,57.18,7,398.36,1,0,TX,
100081,2022-02-17 06:00:00,2022-02-19 06:00:00,56332,Customer_81,1152,13,3,AE,EL03,SN100081,85.63,7,526.15,1,1,OH,
100082,2022-02-17 20:00:00,2022-02-19 20:00:00,35032,Customer_82,1153,11,1,AE,AE01,SN100082,187.64,7,1287.6,1,0,CA,PO200082
100083,2022-02-18 10:00:00,2022-02-20 10:00:00,47846,Customer_83,1150,13,2,CR,EL03,SN100083,46.4,7,313.89,0,1,NY,PO200083
100084,2022-02-19 00:00:00,2022-02-21 00:00:00,69474,Customer_84,1152,11,1,FO,CR04,SN100084,37.87,14,511.91,0,0,CA,
100085,2022-02-19 14:00:00,2022-02-21 14:00:00,54936,Customer_85,1151,11,3,AE,EL03,SN100085,46.94,7,320.9,0,1,OH,PO200085
100086,2022-02-20 04:00:00,2022-02-22 04:00:00,39794,Customer_86,1152,11,3,AE,AE01,SN100086,126.57,3,366.09,0,0,NY,PO200086
100087,2022-02-20 18:00:00,2022-02-22 18:00:00,71588,Customer_87,1152,11,1,CO,CR04,SN100087,83.94,60,4754.14,0,1,NY,PO200087
100088,2022-02-21 08:00:00,2022-02-23 08:00:00,80984,Customer_88,1154,12,2,CO,AE01,SN100088,46.02,7,280.19,0,0,CA,
100089,2022-02-21 22:00:00,2022-02-23 22:00:00,60331,Customer_89,1152,13,2,AE,EL03,SN100089,95.52,7,571.58,1,0,CA,PO200089
100090,2022-02-22 12:00:00,2022-02-24 12:00:00,38141,Customer_90,1152,13,3,CR,FO02,SN100090,71.38,60,4231.68,0,1,TX,PO200090
100091,2022-02-23 02:00:00,2022-02-25 02:00:00,19074,Customer_91,1153,13,1,AE,CO01,SN100091,131.37,14,1733.48,1,1,OH,PO200091
100092,2022-02-23 16:00:00,2022-02-25 16:00:00,16406,Customer_92,1151,11,2,EL,AE01,SN100092,40.8,1,39.55,0,0,TX,PO200092
100093,2022-02-24 06:00:00,2022-02-26 06:00:00,33291,Customer_93,1153,12,2,FO,EL03,SN100093,53.02,60,2933.7,0,0,NY,
100094,2022-02-24 20:00:00,2022-02-26 20:00:00,51568,Customer_94,1153,13,3,CR,CR04,SN100094,50.68,14,615.57,0,0,CA,
100095,2022-02-25 10:00:00,2022-02-27 10:00:00,56851,Customer_95,1150,12,2,EL,AE01,SN100095,23.94,7,145.59,0,0,NY,PO200095
100096,2022-02-26 00:00:00,2022-02-28 00:00:00,64823,Customer_96,1153,11,1,CR,AE01,SN100096,82.05,1,78.18,1,0,NY,PO200096
100097,2022-02-26 14:00:00,2022-02-28 14:00:00,33312,Customer_97,1154,13,3,EL,CO01,SN100097,80.06,28,2050.04,0,1,FL,
100098,2022-02-27 04:00:00,2022-03-01 04:00:00,53108,Customer_98,1154,12,3,FO,EL03,SN100098,66.93,14,824.6,0,0,FL,PO200098
100099,2022-02-27 18:00:00,2022-03-01 18:00:00,76918,Customer_99,1150,11,1,FO,FO02,SN100099,56.59,7,365.9,1,0,NY,PO200099
100100,2022-02-28 08:00:00,2022-03-02 08:00:00,44171,Customer_100,1151,12,3,CO,CR04,SN100100,24.76,60,1277.08,0,1,CA,PO200100
100101,2022-02-28 22:00:00,2022-03-02 22:00:00,51779,Customer_101,1151,13,2,EL,EL03,SN100101,49.68,28,1303.75,1,0,NY,PO200101
100102,2022-03-01 12:00:00,2022-03-03 12:00:00,78828,Customer_102,1153,13,2,CO,CR04,SN100102,52.46,3,140.13,0,0,FL,PO200102
100103,2022-03-02 02:00:00,2022-03-04 02:00:00,22411,Customer_103,1153,11,1,EL,AE01,SN100103,38.03,7,258.13,0,0,CA,PO200103
100104,2022-03-02 16:00:00,2022-03-04 16:00:00,67009,Customer_104,1153,11,2,CO,CO01,SN100104,59.57,3,160.21,0,1,NY,PO200104
100105,2022-03-03 06:00:00,2022-03-05 06:00:00,25422,Customer_105,1151,11,1,FO,CO01,SN100105,88.49,14,1137.56,0,0,OH,
100106,2022-03-03 20:00:00,2022-03-05 20:00:00,52468,Customer_106,1152,12,1,CR,FO02,SN100106,249.72,1,212.7,0,1,OH,
100107,2022-03-04 10:00:00,2022-03-06 10:00:00,42371,Customer_107,1154,12,2,CO,CO01,SN100107,75.35,14,908.18,0,0,NY,
100108,2022-03-05 00:00:00,2022-03-07 00:00:00,67022,Customer_108,1152,12,1,EL,AE01,SN100108,79.86,28,2032.34,1,1,CA,
100109,2022-03-05 14:00:00,2022-03-07 14:00:00,81229,Customer_109,1152,11,2,EL,FO02,SN100109,63.3,60,3501.73,1,0,NY,
100110,2022-03-06 04:00:00,2022-03-08 04:00:00,61196,Customer_110,1151,13,3,FO,EL03,SN100110,20.0,7,131.6,0,1,NY,
100111,2022-03-06 18:00:00,2022-03-08 18:00:00,90354,Customer_111,1152,13,3,EL,CO01,SN100111,65.46,28,1638.14,0,1,FL,PO200111
100112,2022-03-07 08:00:00,2022-03-09 08:00:00,36715,Customer_112,1150,12,1,AE,FO02,SN100112,69.56,1,66.38,0,1,OH,
100113,2022-03-07 22:00:00,2022-03-09 22:00:00,37605,Customer_113,1153,12,2,CR,AE01,SN100113,374.01,28,10252.42,0,0,FL,PO200113
100114,2022-03-08 12:00:00,2022-03-10 12:00:00,41174,Customer_114,1150,13,2,CO,CR04,SN100114,58.29,1,56.36,0,0,FL,
100115,2022-03-09 02:00:00,2022-03-11 02:00:00,19956,Customer_115,1154,13,3,CR,CR04,SN100115,82.36,7,493.46,0,0,NY,PO200115
100116,2022-03-09 16:00:00,2022-03-11 16:00:00,86373,Customer_116,1153,12,3,FO,AE01,SN100116,65.09,28,1680.39,0,0,FL,PO200116
100117,2022-03-10 06:00:00,2022-03-12 06:00:00,79252,Customer_117,1152,12,2,CO,AE01,SN100117,29.43,1,25.48,0,0,OH,
100118,2022-03-10 20:00:00,2022-03-12 20:00:00,71949,Customer_118,1154,13,1,CO,CR04,SN100118,148.41,3,394.61,1,1,FL,PO200118
100119,2022-03-11 10:00:00,2022-03-13 10:00:00,72646,Customer_119,1153,11,3,AE,FO02,SN100119,112.88,14,1577.2,0,0,OH,PO200119
100120,2022-03-12 00:00:00,2022-03-14 00:00:00,80017,Customer_120,1152,12,1,FO,CR04,SN100120,116.02,14,1415.3,0,1,FL,PO200120
100121,2022-03-12 14:00:00,2022-03-14 14:00:00,73037,Customer_121,1150,13,1,EL,AE01,SN100121,35.28,14,456.85,0,1,OH,PO200121
100122,2022-03-13 04:00:00,2022-03-15 04:00:00,99818,Customer_122,1153,13,3,AE,CO01,SN100122,178.03,14,2349.67,0,1,FL,PO200122
100123,2022-03-13 18:00:00,2022-03-15 18:00:00,16548,Customer_123,1152,13,1,AE,EL03,SN100123,25.0,7,167.16,0,0,FL,PO200123
100124,2022-03-14 08:00:00,2022-03-16 08:00:00,83294,Customer_124,1150,13,1,CR,CO01,SN100124,100.56,3,281.77,0,1,CA,PO200124
100125,2022-03-14 22:00:00,2022-03-16 22:00:00,33177,Customer_125,1154,11,2,CR,CO01,SN100125,308.99,7,1841.68,1,0,OH,
100126,2022-03-15 12:00:00,2022-03-17 12:00:00,34022,Customer_126,1154,13,1,CR,AE01,SN100126,33.34,3,89.9,0,1,OH,PO200126
100127,2022-03-16 02:00:00,2022-03-18 02:00:00,15542,Customer_127,1154,12,2,AE,CR04,SN100127,44.86,60,2496.99,0,1,OH,PO200127
100128,2022-03-16 16:00:00,2022-03-18 16:00:00,70428,Customer_128,1154,11,3,EL,FO02,SN100128,71.5,14,864.09,1,1,TX,PO200128
100129,2022-03-17 06:00:00,2022-03-19 06:00:00,32740,Customer_129,1151,13,3,CO,CO01,SN100129,46.88,7,296.19,1,1,FL,
100130,2022-03-17 20:00:00,2022-03-19 20:00:00,69353,Customer_130,1153,11,2,CR,CR04,SN100130,22.52,7,134.8,0,0,OH,PO200130
100131,2022-03-18 10:00:00,2022-03-20 10:00:00,66532,Customer_131,1153,12,3,EL,FO02,SN100131,69.96,90,5426.54,0,0,TX,PO200131
100132,2022-03-19 00:00:00,2022-03-21 00:00:00,26052,Customer_132,1151,13,1,FO,CO01,SN100132,31.7,3,86.5,0,1,CA,
100133,2022-03-19 14:00:00,2022-03-21 14:00:00,57076,Customer_133,1152,12,1,CR,FO02,SN100133,92.9,14,1131.39,0,0,OH,PO200133
100134,2022-03-20 04:00:00,2022-03-22 04:00:00,63420,Customer_134,1152,13,1,CO,CR04,SN100134,35.04,7,229.35,0,1,OH,PO200134
100135,2022-03-20 18:00:00,2022-03-22 18:00:00,10671,Customer_135,1154,13,3,FO,EL03,SN100135,197.35,14,2634.14,0,0,TX,PO200135
100136,2022-03-21 08:00:00,2022-03-23 08:00:00,10163,Customer_136,1150,13,1,FO,CR04,SN100136,38.54,1,37.39,0,0,FL,PO200136
100137,2022-03-21 22:00:00,2022-03-23 22:00:00,51424,Customer_137,1152,13,3,CO,AE01,SN100137,53.23,60,2810.43,0,0,CA,PO200137
100138,2022-03-22 12:00:00,2022-03-24 12:00:00,63744,Customer_138,1150,13,1,CR,FO02,SN100138,117.86,60,6188.3,0,0,OH,PO200138
100139,2022-03-23 02:00:00,2022-03-25 02:00:00,80331,Customer_139,1153,11,2,AE,EL03,SN100139,28.17,14,341.46,0,1,FL,PO200139
100140,2022-03-23 16:00:00,2022-03-25 16:00:00,20634,Customer_140,1150,13,3,CO,FO02,SN100140,78.2,14,1035.05,0,1,CA,
100141,2022-03-24 06:00:00,2022-03-26 06:00:00,14798,Customer_141,1153,13,3,CO,FO02,SN100141,166.5,60,9550.2,0,1,NY,
100142,2022-03-24 20:00:00,2022-03-26 20:00:00,32420,Customer_142,1151,11,1,CO,CO01,SN100142,21.64,14,259.01,0,1,NY,PO200142
100143,2022-03-25 10:00:00,2022-03-27 10:00:00,39300,Customer_143,1151,11,3,FO,AE01,SN100143,75.89,3,225.48,0,1,CA,
100144,2022-03-26 00:00:00,2022-03-28 00:00:00,99881,Customer_144,1154,11,3,EL,FO02,SN100144,79.99,14,960.63,0,1,TX,
100145,2022-03-26 14:00:00,2022-03-28 14:00:00,20749,Customer_145,1152,11,2,AE,CR04,SN100145,115.27,14,1502.74,0,0,CA,PO200145
100146,2022-03-27 04:00:00,2022-03-29 04:00:00,35121,Customer_146,1154,11,2,CR,CR04,SN100146,28.05,7,187.81,0,1,CA,
100147,2022-03-27 18:00:00,2022-03-29 18:00:00,47487,Customer_147,1153,11,1,CR,CO01,SN100147,26.46,14,363.29,0,0,TX,PO200147
100148,2022-03-28 08:00:00,2022-03-30 08:00:00,43361,Customer_148,1154,13,2,EL,AE01,SN100148,96.1,60,5518.55,1,0,TX,
100149,2022-03-28 22:00:00,2022-03-30 22:00:00,31223,Customer_149,1150,13,1,CO,AE01,SN100149,82.1,60,4779.26,1,1,FL,PO200149
100150,2022-03-29 12:00:00,2022-03-31 12:00:00,82930,Customer_150,1153,12,1,AE,CR04,SN100150,79.47,7,501.15,0,0,FL,PO200150
100151,2022-03-30 02:00:00,2022-04-01 02:00:00,24056,Customer_151,1151,13,1,CR,EL03,SN100151,84.99,1,82.63,0,0,TX,
100152,2022-03-30 16:00:00,2022-04-01 16:00:00,38380,Customer_152,1152,13,3,CR,CO01,SN100152,41.43,180,6428.26,0,0,NY,PO200152
100153,2022-03-31 06:00:00,2022-04-02 06:00:00,36035,Customer_153,1153,11,2,CO,CO01,SN100153,78.46,28,2162.19,0,0,NY,
100154,2022-03-31 20:00:00,2022-04-02 20:00:00,40620,Customer_154,1153,11,1,EL,CR04,SN100154,81.87,1,76.32,0,1,CA,PO200154
100155,2022-04-01 10:00:00,2022-04-03 10:00:00,29877,Customer_155,1150,13,2,AE,CR04,SN100155,40.45,60,2360.22,1,0,OH,PO200155
100156,2022-04-02 00:00:00,2022-04-04 00:00:00,65316,Customer_156,1152,12,1,EL,EL03,SN100156,246.17,28,6326.63,0,0,CA,PO200156
100157,2022-04-02 14:00:00,2022-04-04 14:00:00,74041,Customer_157,1151,11,2,EL,EL03,SN100157,92.91,7,615.63,0,1,CA,PO200157
100158,2022-04-03 04:00:00,2022-04-05 04:00:00,63352,Customer_158,1153,13,2,AE,AE01,SN100158,28.96,14,376.7,1,0,OH,PO200158
100159,2022-04-03 18:00:00,2022-04-05 18:00:00,40911,Customer_159,1153,13,1,AE,CO01,SN100159,105.59,7,709.39,1,1,TX,PO200159
100160,2022-04-04 08:00:00,2022-04-06 08:00:00,42784,Customer_160,1150,12,3,CR,CO01,SN100160,33.71,1,29.06,1,0,NY,PO200160
100161,2022-04-04 22:00:00,2022-04-06 22:00:00,13191,Customer_161,1154,12,2,CR,CR04,SN100161,115.7,7,695.72,0,1,CA,
100162,2022-04-05 12:00:00,2022-04-07 12:00:00,43160,Customer_162,1151,11,3,AE,AE01,SN100162,150.06,28,3727.1,0,1,OH,PO200162
100163,2022-04-06 02:00:00,2022-04-08 02:00:00,74641,Customer_163,1152,12,3,FO,CO01,SN100163,37.54,1,32.81,0,1,FL,
100164,2022-04-06 16:00:00,2022-04-08 16:00:00,59723,Customer_164,1153,13,1,CR,AE01,SN100164,130.89,7,898.61,0,1,CA,PO200164
100165,2022-04-07 06:00:00,2022-04-09 06:00:00,13631,Customer_165,1153,13,1,FO,AE01,SN100165,89.03,7,550.21,0,1,NY,
100166,2022-04-07 20:00:00,2022-04-09 20:00:00,16172,Customer_166,1151,12,1,AE,CR04,SN100166,118.56,7,826.93,0,0,TX,PO200166
100167,2022-04-08 10:00:00,2022-04-10 10:00:00,52080,Customer_167,1154,12,2,CR,AE01,SN100167,251.58,60,13593.31,1,0,CA,
100168,2022-04-09 00:00:00,2022-04-11 00:00:00,99097,Customer_168,1153,12,1,EL,EL03,SN100168,56.16,7,344.9,0,0,CA,
100169,2022-04-09 14:00:00,2022-04-11 14:00:00,30281,Customer_169,1151,12,1,AE,EL03,SN100169,39.35,7,266.73,0,1,OH,PO200169
100170,2022-04-10 04:00:00,2022-04-12 04:00:00,38671,Customer_170,1150,11,2,CO,FO02,SN100170,35.78,14,475.25,0,0,FL,PO200170
100171,2022-04-10 18:00:00,2022-04-12 18:00:00,61431,Customer_171,1154,12,2,FO,CR04,SN100171,37.67,7,243.86,0,0,FL,PO200171
100172,2022-04-11 08:00:00,2022-04-13 08:00:00,38602,Customer_172,1152,11,1,AE,FO02,SN100172,63.18,3,176.91,0,0,TX,
100173,2022-04-11 22:00:00,2022-04-13 22:00:00,98789,Customer_173,1153,13,1,AE,EL03,SN100173,84.67,7,567.75,0,0,NY,
100174,2022-04-12 12:00:00,2022-04-14 12:00:00,61399,Customer_174,1151,12,1,CR,FO02,SN100174,80.94,1,71.57,0,0,TX,PO200174
100175,2022-04-13 02:00:00,2022-04-15 02:00:00,33472,Customer_175,1150,11,1,CR,CR04,SN100175,118.99,3,356.77,1,1,CA,PO200175
100176,2022-04-13 16:00:00,2022-04-15 16:00:00,59230,Customer_176,1152,12,3,CR,CR04,SN100176,67.3,7,469.29,0,1,CA,
100177,2022-04-14 06:00:00,2022-04-16 06:00:00,83616,Customer_177,1151,13,3,CO,AE01,SN100177,184.47,7,1223.54,1,1,FL,PO200177
100178,2022-04-14 20:00:00,2022-04-16 20:00:00,17099,Customer_178,1151,13,1,CR,CO01,SN100178,55.41,60,2925.36,0,1,NY,PO200178
100179,2022-04-15 10:00:00,2022-04-17 10:00:00,35431,Customer_179,1152,13,3,AE,AE01,SN100179,447.7,7,2983.57,0,0,OH,PO200179
100180,2022-04-16 00:00:00,2022-04-18 00:00:00,66492,Customer_180,1150,12,2,CR,CR04,SN100180,103.33,14,1245.34,0,0,NY,PO200180
100181,2022-04-16 14:00:00,2022-04-18 14:00:00,57684,Customer_181,1150,12,3,EL,EL03,SN100181,36.6,14,437.87,0,0,CA,PO200181
100182,2022-04-17 04:00:00,2022-04-19 04:00:00,40111,Customer_182,1154,11,3,CR,EL03,SN100182,31.51,1,28.0,0,0,OH,
100183,2022-04-17 18:00:00,2022-04-19 18:00:00,73936,Customer_183,1153,13,1,CO,AE01,SN100183,93.48,14,1203.21,0,1,NY,
100184,2022-04-18 08:00:00,2022-04-20 08:00:00,32614,Customer_184,1152,12,3,EL,CR04,SN100184,57.03,3,167.71,1,0,NY,PO200184
100185,2022-04-18 22:00:00,2022-04-20 22:00:00,51991,Customer_185,1152,13,3,AE,EL03,SN100185,109.93,90,9488.39,1,0,OH,PO200185
100186,2022-04-19 12:00:00,2022-04-21 12:00:00,80476,Customer_186,1152,13,3,AE,CR04,SN100186,92.88,1,89.29,0,1,CA,PO200186
100187,2022-04-20 02:00:00,2022-04-22 02:00:00,70920,Customer_187,1150,11,3,FO,EL03,SN100187,63.37,7,405.38,1,1,NY,PO200187
100188,2022-04-20 16:00:00,2022-04-22 16:00:00,73530,Customer_188,1153,11,2,EL,CR04,SN100188,36.86,1,33.25,0,1,OH,PO200188
100189,2022-04-21 06:00:00,2022-04-23 06:00:00,46224,Customer_189,1154,11,1,FO,FO02,SN100189,23.09,180,3764.87,1,1,CA,PO200189
100190,2022-04-21 20:00:00,2022-04-23 20:00:00,17788,Customer_190,1151,11,1,EL,CR04,SN100190,48.79,7,340.87,0,1,OH,
100191,2022-04-22 10:00:00,2022-04-24 10:00:00,38082,Customer_191,1151,13,2,EL,CR04,SN100191,121.45,14,1455.45,0,0,OH,
100192,2022-04-23 00:00:00,2022-04-25 00:00:00,99570,Customer_192,1152,11,3,CO,AE01,SN100192,77.47,1,75.92,1,1,NY,PO200192
100193,2022-04-23 14:00:00,2022-04-25 14:00:00,86816,Customer_193,1153,11,2,FO,FO02,SN100193,27.88,14,365.68,0,0,CA,PO200193
100194,2022-04-24 04:00:00,2022-04-26 04:00:00,93588,Customer_194,1150,11,3,CO,CO01,SN100194,75.28,3,206.83,1,1,NY,
100195,2022-04-24 18:00:00,2022-04-26 18:00:00,26531,Customer_195,1153,11,2,EL,AE01,SN100195,87.33,60,5024.0,0,1,TX,PO200195
100196,2022-04-25 08:00:00,2022-04-27 08:00:00,98340,Customer_196,1153,13,1,AE,CO01,SN100196,35.92,3,99.46,0,0,TX,PO200196
100197,2022-04-25 22:00:00,2022-04-27 22:00:00,54857,Customer_197,1150,11,1,EL,EL03,SN100197,74.26,3,218.56,0,1,CA,PO200197
100198,2022-04-26 12:00:00,2022-04-28 12:00:00,20142,Customer_198,1152,13,1,CO,CO01,SN100198,69.46,1,68.43,0,1,OH,
100199,2022-04-27 02:00:00,2022-04-29 02:00:00,58355,Customer_199,1153,12,3,FO,CR04,SN100199,29.96,7,191.54,0,0,NY,PO200199
100200,2022-04-27 16:00:00,2022-04-29 16:00:00,19866,Customer_0,1151,13,3,FO,CO01,SN100200,85.67,14,1069.22,1,1,NY,
100201,2022-04-28 06:00:00,2022-04-30 06:00:00,80067,Customer_1,1150,13,2,CO,AE01,SN100201,98.75,1,92.71,0,0,CA,PO200201
100202,2022-04-28 20:00:00,2022-04-30 20:00:00,74027,Customer_2,1154,11,2,FO,AE01,SN100202,142.33,28,3932.8,1,1,CA,
100203,2022-04-29 10:00:00,2022-05-01 10:00:00,67906,Customer_3,1152,12,1,CR,CO01,SN100203,139.44,7,860.53,1,1,TX,PO200203
100204,2022-04-30 00:00:00,2022-05-02 00:00:00,38138,Customer_4,1150,12,3,AE,AE01,SN100204,25.42,7,167.89,0,1,FL,
100205,2022-04-30 14:00:00,2022-05-02 14:00:00,39956,Customer_5,1154,12,2,AE,AE01,SN100205,34.59,7,228.74,1,1,CA,PO200205
100206,2022-05-01 04:00:00,2022-05-03 04:00:00,86295,Customer_6,1154,12,3,AE,CO01,SN100206,95.63,7,642.64,1,1,FL,PO200206
100207,2022-05-01 18:00:00,2022-05-03 18:00:00,15439,Customer_7,1153,13,3,FO,FO02,SN100207,95.55,14,1163.45,1,1,CA,
100208,2022-05-02 08:00:00,2022-05-04 08:00:00,57241,Customer_8,1153,12,1,FO,FO02,SN100208,95.63,3,274.67,1,0,OH,PO200208
100209,2022-05-02 22:00:00,2022-05-04 22:00:00,52533,Customer_9,1153,13,1,EL,EL03,SN100209,989.22,3,2927.15,1,1,OH,
100210,2022-05-03 12:00:00,2022-05-05 12:00:00,38270,Customer_10,1150,13,3,EL,AE01,SN100210,99.45,28,2441.88,0,0,TX,PO200210
100211,2022-05-04 02:00:00,2022-05-06 02:00:00,88815,Customer_11,1150,13,3,AE,CO01,SN100211,147.66,90,11769.32,0,1,TX,PO200211
100212,2022-05-04 16:00:00,2022-05-06 16:00:00,49279,Customer_12,1152,12,3,CR,AE01,SN100212,130.03,7,906.34,1,0,FL,PO200212
100213,2022-05-05 06:00:00,2022-05-07 06:00:00,33888,Customer_13,1153,11,3,EL,CR04,SN100213,105.21,3,276.86,0,0,CA,PO200213
100214,2022-05-05 20:00:00,2022-05-07 20:00:00,27630,Customer_14,1154,11,1,EL,AE01,SN100214,53.48,14,732.37,0,1,NY,PO200214
100215,2022-05-06 10:00:00,2022-05-08 10:00:00,71063,Customer_15,1151,12,2,FO,AE01,SN100215,113.44,7,733.61,0,0,TX,PO200215
100216,2022-05-07 00:00:00,2022-05-09 00:00:00,45144,Customer_16,1152,11,1,CR,FO02,SN100216,38.82,1,34.44,1,0,NY,
100217,2022-05-07 14:00:00,2022-05-09 14:00:00,62161,Customer_17,1150,11,2,AE,CO01,SN100217,56.5,3,166.21,0,0,NY,PO200217
100218,2022-05-08 04:00:00,2022-05-10 04:00:00,87360,Customer_18,1152,13,3,EL,AE01,SN100218,47.48,14,609.37,1,0,CA,PO200218
100219,2022-05-08 18:00:00,2022-05-10 18:00:00,60979,Customer_19,1152,13,2,CR,FO02,SN100219,70.62,14,916.73,0,0,FL,
100220,2022-05-09 08:00:00,2022-05-11 08:00:00,16979,Customer_20,1152,12,1,CR,EL03,SN100220,337.06,1,304.66,0,0,CA,PO200220
100221,2022-05-09 22:00:00,2022-05-11 22:00:00,36189,Customer_21,1152,12,1,AE,FO02,SN100221,20.0,3,56.34,0,1,TX,
100222,2022-05-10 12:00:00,2022-05-12 12:00:00,52600,Customer_22,1151,11,3,CR,FO02,SN100222,107.81,3,282.85,0,0,NY,PO200222
100223,2022-05-11 02:00:00,2022-05-13 02:00:00,69560,Customer_23,1153,13,1,CR,FO02,SN100223,21.57,14,274.34,0,1,CA,
100224,2022-05-11 16:00:00,2022-05-13 16:00:00,88040,Customer_24,1154,12,3,CR,AE01,SN100224,47.93,1,47.71,1,0,CA,PO200224
100225,2022-05-12 06:00:00,2022-05-14 06:00:00,71558,Customer_25,1152,12,1,EL,AE01,SN100225,142.92,1,127.01,1,1,CA,PO200225
100226,2022-05-12 20:00:00,2022-05-14 20:00:00,96205,Customer_26,1152,12,1,AE,EL03,SN100226,69.76,28,1852.59,0,1,TX,
100227,2022-05-13 10:00:00,2022-05-15 10:00:00,16910,Customer_27,1152,12,3,CR,CR04,SN100227,31.36,3,84.56,0,0,FL,
100228,2022-05-14 00:00:00,2022-05-16 00:00:00,67713,Customer_28,1153,12,2,CR,CR04,SN100228,40.42,14,546.63,1,1,CA,PO200228
100229,2022-05-14 14:00:00,2022-05-16 14:00:00,56857,Customer_29,1150,12,1,EL,CR04,SN100229,107.31,3,279.96,1,1,TX,PO200229
100230,2022-05-15 04:00:00,2022-05-17 04:00:00,44964,Customer_30,1150,11,2,AE,EL03,SN100230,39.99,1,39.81,0,1,NY,
100231,2022-05-15 18:00:00,2022-05-17 18:00:00,95667,Customer_31,1151,13,1,FO,CR04,SN100231,77.6,3,213.72,0,1,OH,
100232,2022-05-16 08:00:00,2022-05-18 08:00:00,35227,Customer_32,1150,13,1,EL,CR04,SN100232,68.85,14,853.42,0,0,TX,PO200232
100233,2022-05-16 22:00:00,2022-05-18 22:00:00,15978,Customer_33,1152,12,1,AE,FO02,SN100233,42.26,28,1018.87,1,1,OH,PO200233
100234,2022-05-17 12:00:00,2022-05-19 12:00:00,97527,Customer_34,1152,13,1,CR,AE01,SN100234,299.09,28,7331.71,0,1,CA,PO200234
100235,2022-05-18 02:00:00,2022-05-20 02:00:00,27153,Customer_35,1152,13,2,AE,AE01,SN100235,103.93,7,675.12,0,1,CA,PO200235
100236,2022-05-18 16:00:00,2022-05-20 16:00:00,69765,Customer_36,1151,13,2,AE,FO02,SN100236,20.0,14,252.15,0,0,TX,
100237,2022-05-19 06:00:00,2022-05-21 06:00:00,49071,Customer_37,1152,12,1,AE,FO02,SN100237,75.98,3,222.1,1,1,OH,PO200237
100238,2022-05-19 20:00:00,2022-05-21 20:00:00,79519,Customer_38,1150,12,1,FO,FO02,SN100238,41.96,3,115.14,0,1,CA,PO200238
100239,2022-05-20 10:00:00,2022-05-22 10:00:00,19503,Customer_39,1153,13,2,AE,AE01,SN100239,121.11,60,6447.73,0,0,NY,
100240,2022-05-21 00:00:00,2022-05-23 00:00:00,70703,Customer_40,1153,13,3,FO,CR04,SN100240,38.29,1,36.09,0,0,FL,PO200240
100241,2022-05-21 14:00:00,2022-05-23 14:00:00,74379,Customer_41,1154,12,3,CR,FO02,SN100241,61.54,1,58.83,0,0,FL,PO200241
100242,2022-05-22 04:00:00,2022-05-24 04:00:00,67866,Customer_42,1150,11,2,FO,EL03,SN100242,94.96,3,249.29,0,1,CA,PO200242
100243,2022-05-22 18:00:00,2022-05-24 18:00:00,26905,Customer_43,1152,13,1,CR,FO02,SN100243,122.25,1,106.98,1,1,OH,PO200243
100244,2022-05-23 08:00:00,2022-05-25 08:00:00,55838,Customer_44,1153,11,1,CR,CO01,SN100244,28.78,3,73.87,1,1,CA,
100245,2022-05-23 22:00:00,2022-05-25 22:00:00,68279,Customer_45,1150,13,3,FO,FO02,SN100245,52.77,14,709.5,1,1,OH,PO200245
100246,2022-05-24 12:00:00,2022-05-26 12:00:00,99489,Customer_46,1153,11,3,EL,AE01,SN100246,47.82,7,317.89,1,1,NY,PO200246
100247,2022-05-25 02:00:00,2022-05-27 02:00:00,36806,Customer_47,1152,11,2,CO,FO02,SN100247,42.21,60,2333.05,0,0,OH,
100248,2022-05-25 16:00:00,2022-05-27 16:00:00,55000,Customer_48,1153,11,3,AE,CO01,SN100248,229.48,28,6275.26,1,1,CA,PO200248
100249,2022-05-26 06:00:00,2022-05-28 06:00:00,32168,Customer_49,1154,12,2,CO,EL03,SN100249,88.54,7,601.73,0,1,NY,PO200249
100250,2022-05-26 20:00:00,2022-05-28 20:00:00,80119,Customer_50,1154,11,3,AE,CR04,SN100250,27.59,3,77.62,0,1,TX,PO200250
100251,2022-05-27 10:00:00,2022-05-29 10:00:00,48714,Customer_51,1153,11,3,AE,FO02,SN100251,126.79,7,869.97,1,1,FL,PO200251
100252,2022-05-28 00:00:00,2022-05-30 00:00:00,64093,Customer_52,1150,11,3,CR,CO01,SN100252,294.57,14,3632.69,0,1,CA,PO200252
100253,2022-05-28 14:00:00,2022-05-30 14:00:00,65419,Customer_53,1150,13,1,AE,CO01,SN100253,137.38,3,357.23,0,1,CA,PO200253
100254,2022-05-29 04:00:00,2022-05-31 04:00:00,59145,Customer_54,1150,11,1,AE,EL03,SN100254,23.02,14,287.0,0,1,CA,PO200254
100255,2022-05-29 18:00:00,2022-05-31 18:00:00,87425,Customer_55,1153,13,1,FO,AE01,SN100255,47.51,7,285.56,0,1,NY,PO200255
100256,2022-05-30 08:00:00,2022-06-01 08:00:00,87811,Customer_56,1150,11,3,CO,FO02,SN100256,161.88,14,2106.91,0,1,TX,
100257,2022-05-30 22:00:00,2022-06-01 22:00:00,12461,Customer_57,1152,11,2,FO,CO01,SN100257,40.64,7,281.74,1,0,OH,PO200257
100258,2022-05-31 12:00:00,2022-06-02 12:00:00,24291,Customer_58,1154,12,2,AE,EL03,SN100258,90.98,3,233.62,1,0,TX,PO200258
100259,2022-06-01 02:00:00,2022-06-03 02:00:00,56804,Customer_59,1152,13,2,CR,CR04,SN100259,114.69,90,8962.95,0,0,NY,PO200259
100260,2022-06-01 16:00:00,2022-06-03 16:00:00,86971,Customer_60,1150,11,2,FO,CO01,SN100260,34.85,28,895.7,0,1,CA,PO200260
100261,2022-06-02 06:00:00,2022-06-04 06:00:00,74946,Customer_61,1152,13,1,FO,EL03,SN100261,63.96,1,63.33,0,0,FL,PO200261
100262,2022-06-02 20:00:00,2022-06-04 20:00:00,94080,Customer_62,1150,13,1,EL,AE01,SN100262,20.0,28,502.56,1,0,CA,PO200262
100263,2022-06-03 10:00:00,2022-06-05 10:00:00,71332,Customer_63,1153,12,3,AE,AE01,SN100263,32.55,7,211.04,0,0,OH,
100264,2022-06-04 00:00:00,2022-06-06 00:00:00,87794,Customer_64,1152,12,3,CR,CO01,SN100264,55.88,60,2870.78,0,0,FL,
100265,2022-06-04 14:00:00,2022-06-06 14:00:00,40841,Customer_65,1153,12,2,FO,CO01,SN100265,27.84,28,679.99,0,1,CA,PO200265
100266,2022-06-05 04:00:00,2022-06-07 04:00:00,58758,Customer_66,1153,12,1,FO,FO02,SN100266,209.07,7,1460.58,0,0,FL,PO200266
100267,2022-06-05 18:00:00,2022-06-07 18:00:00,86272,Customer_67,1151,12,2,CR,EL03,SN100267,24.51,1,24.38,0,1,TX,
100268,2022-06-06 08:00:00,2022-06-08 08:00:00,47643,Customer_68,1150,12,3,AE,CO01,SN100268,49.01,3,125.08,1,1,NY,
100269,2022-06-06 22:00:00,2022-06-08 22:00:00,60408,Customer_69,1154,12,3,EL,FO02,SN100269,73.08,7,507.84,0,1,CA,PO200269
100270,2022-06-07 12:00:00,2022-06-09 12:00:00,53950,Customer_70,1150,12,2,FO,FO02,SN100270,182.89,14,2421.87,0,0,OH,PO200270
100271,2022-06-08 02:00:00,2022-06-10 02:00:00,66849,Customer_71,1154,11,3,EL,CO01,SN100271,24.41,3,71.77,0,1,TX,PO200271
100272,2022-06-08 16:00:00,2022-06-10 16:00:00,38044,Customer_72,1150,13,2,CO,AE01,SN100272,150.54,1,138.23,1,1,CA,PO200272
100273,2022-06-09 06:00:00,2022-06-11 06:00:00,25997,Customer_73,1153,12,1,AE,EL03,SN100273,67.17,28,1743.99,0,1,TX,
100274,2022-06-09 20:00:00,2022-06-11 20:00:00,89751,Customer_74,1152,12,2,CO,EL03,SN100274,33.55,180,5575.45,0,1,OH,PO200274
100275,2022-06-10 10:00:00,2022-06-12 10:00:00,33911,Customer_75,1152,13,1,CO,AE01,SN100275,92.16,7,612.85,0,0,CA,PO200275
100276,2022-06-11 00:00:00,2022-06-13 00:00:00,65533,Customer_76,1151,11,1,CO,CO01,SN100276,76.66,3,200.29,0,0,OH,PO200276
100277,2022-06-11 14:00:00,2022-06-13 14:00:00,92566,Customer_77,1154,13,3,AE,EL03,SN100277,43.81,3,112.3,1,0,FL,
100278,2022-06-12 04:00:00,2022-06-14 04:00:00,24571,Customer_78,1154,13,3,AE,CO01,SN100278,70.03,1,62.76,0,1,OH,
100279,2022-06-12 18:00:00,2022-06-14 18:00:00,67941,Customer_79,1154,12,3,CR,CO01,SN100279,50.92,60,2919.93,1,0,FL,
100280,2022-06-13 08:00:00,2022-06-15 08:00:00,68005,Customer_80,1153,13,2,EL,FO02,SN100280,72.2,1,63.56,0,0,CA,PO200280
100281,2022-06-13 22:00:00,2022-06-15 22:00:00,96250,Customer_81,1154,13,2,EL,AE01,SN100281,106.01,14,1411.38,1,1,FL,PO200281
100282,2022-06-14 12:00:00,2022-06-16 12:00:00,68712,Customer_82,1152,12,3,CR,CO01,SN100282,202.39,3,604.44,0,0,CA,PO200282
100283,2022-06-15 02:00:00,2022-06-17 02:00:00,53541,Customer_83,1153,12,2,CR,CR04,SN100283,28.04,14,339.17,1,0,CA,PO200283
100284,2022-06-15 16:00:00,2022-06-17 16:00:00,33387,Customer_84,1150,12,3,CO,AE01,SN100284,296.82,14,3951.4,0,1,NY,PO200284
100285,2022-06-16 06:00:00,2022-06-18 06:00:00,58908,Customer_85,1154,12,2,CR,EL03,SN100285,20.0,28,513.28,0,0,CA,PO200285
100286,2022-06-16 20:00:00,2022-06-18 20:00:00,95457,Customer_86,1154,13,1,FO,FO02,SN100286,59.96,3,176.34,1,0,FL,
100287,2022-06-17 10:00:00,2022-06-19 10:00:00,23057,Customer_87,1150,13,1,EL,EL03,SN100287,100.67,1,88.24,0,1,NY,PO200287
100288,2022-06-18 00:00:00,2022-06-20 00:00:00,74028,Customer_88,1154,11,3,CR,EL03,SN100288,81.18,1,77.44,0,1,NY,PO200288
100289,2022-06-18 14:00:00,2022-06-20 14:00:00,65731,Customer_89,1150,11,2,FO,AE01,SN100289,43.13,60,2524.69,0,1,CA,PO200289
100290,2022-06-19 04:00:00,2022-06-21 04:00:00,34858,Customer_90,1153,13,2,FO,EL03,SN100290,57.65,60,3430.0,0,1,OH,PO200290
100291,2022-06-19 18:00:00,2022-06-21 18:00:00,58689,Customer_91,1152,11,1,FO,CO01,SN100291,47.22,14,629.72,0,1,OH,PO200291
100292,2022-06-20 08:00:00,2022-06-22 08:00:00,54638,Customer_92,1150,13,1,FO,EL03,SN100292,44.14,14,571.4,0,1,NY,PO200292
100293,2022-06-20 22:00:00,2022-06-22 22:00:00,56486,Customer_93,1151,11,3,CO,FO02,SN100293,120.87,14,1595.19,0,1,CA,PO200293
100294,2022-06-21 12:00:00,2022-06-23 12:00:00,30567,Customer_94,1150,12,1,FO,FO02,SN100294,85.62,3,251.81,1,1,OH,PO200294
100295,2022-06-22 02:00:00,2022-06-24 02:00:00,39739,Customer_95,1154,11,3,CO,CR04,SN100295,41.06,60,2304.76,0,1,CA,PO200295
100296,2022-06-22 16:00:00,2022-06-24 16:00:00,67804,Customer_96,1153,12,1,CO,FO02,SN100296,125.18,7,748.79,1,1,CA,PO200296
100297,2022-06-23 06:00:00,2022-06-25 06:00:00,13754,Customer_97,1153,12,1,FO,EL03,SN100297,82.69,7,572.84,1,0,NY,
100298,2022-06-23 20:00:00,2022-06-25 20:00:00,37044,Customer_98,1150,12,2,EL,FO02,SN100298,117.8,7,786.21,0,0,NY,PO200298
100299,2022-06-24 10:00:00,2022-06-26 10:00:00,77260,Customer_99,1152,12,1,FO,AE01,SN100299,103.62,1,98.59,0,0,TX,PO200299
100300,2022-06-25 00:00:00,2022-06-27 00:00:00,76912,Customer_100,1151,11,1,FO,FO02,SN100300,37.33,3,98.81,0,1,OH,
100301,2022-06-25 14:00:00,2022-06-27 14:00:00,18706,Customer_101,1153,13,3,FO,CO01,SN100301,45.05,14,598.49,0,1,OH,
100302,2022-06-26 04:00:00,2022-06-28 04:00:00,18894,Customer_102,1154,12,1,EL,AE01,SN100302,112.52,1,102.29,1,1,OH,
100303,2022-06-26 18:00:00,2022-06-28 18:00:00,28037,Customer_103,1154,11,3,AE,CR04,SN100303,102.23,14,1356.39,0,0,FL,PO200303
100304,2022-06-27 08:00:00,2022-06-29 08:00:00,93986,Customer_104,1152,12,1,AE,CO01,SN100304,65.72,3,170.73,0,1,CA,PO200304
100305,2022-06-27 22:00:00,2022-06-29 22:00:00,91942,Customer_105,1153,11,1,CO,EL03,SN100305,72.39,7,480.75,0,0,NY,PO200305
100306,2022-06-28 12:00:00,2022-06-30 12:00:00,61612,Customer_106,1150,11,3,CO,EL03,SN100306,163.1,3,489.26,0,0,OH,PO200306
100307,2022-06-29 02:00:00,2022-07-01 02:00:00,39725,Customer_107,1154,11,2,EL,EL03,SN100307,44.08,7,264.48,0,0,TX,PO200307
100308,2022-06-29 16:00:00,2022-07-01 16:00:00,15926,Customer_108,1152,13,3,CR,CO01,SN100308,97.8,14,1364.57,0,1,OH,PO200308
100309,2022-06-30 06:00:00,2022-07-02 06:00:00,19496,Customer_109,1153,11,3,AE,CO01,SN100309,57.89,3,158.21,1,1,CA,PO200309
100310,2022-06-30 20:00:00,2022-07-02 20:00:00,66447,Customer_110,1153,11,3,CO,CO01,SN100310,57.26,14,786.12,0,1,CA,PO200310
100311,2022-07-01 10:00:00,2022-07-03 10:00:00,39806,Customer_111,1153,13,2,AE,AE01,SN100311,143.9,7,974.44,0,0,NY,
100312,2022-07-02 00:00:00,2022-07-04 00:00:00,98199,Customer_112,1153,13,1,EL,AE01,SN100312,118.84,14,1555.72,1,1,FL,PO200312
100313,2022-07-02 14:00:00,2022-07-04 14:00:00,51321,Customer_113,1153,11,3,EL,EL03,SN100313,117.86,60,6793.89,0,1,NY,PO200313
100314,2022-07-03 04:00:00,2022-07-05 04:00:00,75095,Customer_114,1154,13,3,CR,FO02,SN100314,166.31,14,2285.87,1,0,OH,PO200314
100315,2022-07-03 18:00:00,2022-07-05 18:00:00,32656,Customer_115,1152,12,2,CR,EL03,SN100315,67.67,3,184.88,1,1,TX,PO200315
100316,2022-07-04 08:00:00,2022-07-06 08:00:00,65147,Customer_116,1153,12,3,EL,CR04,SN100316,107.49,1,96.64,1,1,NY,PO200316
100317,2022-07-04 22:00:00,2022-07-06 22:00:00,59666,Customer_117,1151,13,1,CO,AE01,SN100317,53.67,3,152.98,1,1,FL,
100318,2022-07-05 12:00:00,2022-07-07 12:00:00,92368,Customer_118,1151,13,2,AE,CO01,SN100318,83.67,14,1137.66,0,1,NY,PO200318
100319,2022-07-06 02:00:00,2022-07-08 02:00:00,48787,Customer_119,1152,11,1,FO,AE01,SN100319,60.88,1,58.71,1,1,CA,
100320,2022-07-06 16:00:00,2022-07-08 16:00:00,72946,Customer_120,1150,13,1,CR,CO01,SN100320,71.37,7,484.45,0,0,OH,PO200320
100321,2022-07-07 06:00:00,2022-07-09 06:00:00,31727,Customer_121,1150,11,2,FO,CR04,SN100321,101.15,14,1296.22,1,1,OH,PO200321
100322,2022-07-07 20:00:00,2022-07-09 20:00:00,78056,Customer_122,1150,12,3,CO,CR04,SN100322,37.61,7,256.07,1,0,OH,PO200322
100323,2022-07-08 10:00:00,2022-07-10 10:00:00,13081,Customer_123,1151,13,1,CR,AE01,SN100323,288.49,28,7011.79,1,0,OH,PO200323
100324,2022-07-09 00:00:00,2022-07-11 00:00:00,44196,Customer_124,1150,11,1,FO,CO01,SN100324,32.98,1,30.72,1,0,OH,PO200324
100325,2022-07-09 14:00:00,2022-07-11 14:00:00,46735,Customer_125,1154,11,1,CO,CR04,SN100325,28.5,1,24.25,0,1,OH,PO200325
100326,2022-07-10 04:00:00,2022-07-12 04:00:00,90102,Customer_126,1153,12,1,AE,EL03,SN100326,150.01,14,1887.32,1,1,TX,PO200326
100327,2022-07-10 18:00:00,2022-07-12 18:00:00,89578,Customer_127,1151,13,2,CO,EL03,SN100327,116.07,7,735.26,0,0,FL,PO200327
100328,2022-07-11 08:00:00,2022-07-13 08:00:00,35498,Customer_128,1152,12,2,CR,CO01,SN100328,103.22,14,1314.22,1,1,OH,PO200328
100329,2022-07-11 22:00:00,2022-07-13 22:00:00,86865,Customer_129,1152,11,1,EL,AE01,SN100329,103.53,7,691.59,0,1,FL,PO200329
100330,2022-07-12 12:00:00,2022-07-14 12:00:00,41656,Customer_130,1153,11,3,AE,CR04,SN100330,66.12,3,180.16,0,0,OH,
100331,2022-07-13 02:00:00,2022-07-15 02:00:00,77695,Customer_131,1151,13,1,FO,AE01,SN100331,35.58,28,913.98,0,0,NY,PO200331
100332,2022-07-13 16:00:00,2022-07-15 16:00:00,47900,Customer_132,1150,11,3,CR,EL03,SN100332,70.32,28,1743.79,0,1,OH,PO200332
100333,2022-07-14 06:00:00,2022-07-16 06:00:00,94899,Customer_133,1150,13,1,EL,CR04,SN100333,41.51,14,526.53,1,0,CA,PO200333
100334,2022-07-14 20:00:00,2022-07-16 20:00:00,57701,Customer_134,1154,12,3,CO,AE01,SN100334,131.97,3,350.02,0,1,TX,
100335,2022-07-15 10:00:00,2022-07-17 10:00:00,29033,Customer_135,1154,13,1,EL,FO02,SN100335,60.16,14,725.19,0,0,NY,PO200335
100336,2022-07-16 00:00:00,2022-07-18 00:00:00,20805,Customer_136,1150,13,3,CR,CO01,SN100336,37.42,7,246.35,0,1,NY,
100337,2022-07-16 14:00:00,2022-07-18 14:00:00,45851,Customer_137,1152,11,1,CR,CO01,SN100337,53.25,1,50.6,1,1,CA,
100338,2022-07-17 04:00:00,2022-07-19 04:00:00,36832,Customer_138,1152,11,1,EL,FO02,SN100338,89.04,60,5037.31,0,1,OH,PO200338
100339,2022-07-17 18:00:00,2022-07-19 18:00:00,73437,Customer_139,1154,13,3,CO,EL03,SN100339,44.94,1,41.33,0,1,TX,PO200339
100340,2022-07-18 08:00:00,2022-07-20 08:00:00,23944,Customer_140,1153,11,2,EL,CR04,SN100340,37.5,90,3061.34,0,1,NY,
100341,2022-07-18 22:00:00,2022-07-20 22:00:00,29873,Customer_141,1150,11,3,CR,CO01,SN100341,79.09,7,542.28,0,1,TX,PO200341
100342,2022-07-19 12:00:00,2022-07-21 12:00:00,50372,Customer_142,1154,11,2,CR,FO02,SN100342,79.16,3,220.35,0,1,NY,PO200342
100343,2022-07-20 02:00:00,2022-07-22 02:00:00,99464,Customer_143,1154,13,1,FO,FO02,SN100343,46.77,7,301.78,0,0,OH,PO200343
100344,2022-07-20 16:00:00,2022-07-22 16:00:00,25379,Customer_144,1150,11,3,FO,EL03,SN100344,47.96,60,2456.8,0,1,NY,
100345,2022-07-21 06:00:00,2022-07-23 06:00:00,46751,Customer_145,1150,13,3,AE,EL03,SN100345,78.45,14,989.75,1,0,NY,PO200345
100346,2022-07-21 20:00:00,2022-07-23 20:00:00,99822,Customer_146,1152,11,3,CR,AE01,SN100346,24.2,28,614.6,1,1,FL,PO200346
100347,2022-07-22 10:00:00,2022-07-24 10:00:00,15110,Customer_147,1153,12,2,FO,CO01,SN100347,24.9,14,317.14,0,0,OH,PO200347
100348,2022-07-23 00:00:00,2022-07-25 00:00:00,64341,Customer_148,1153,11,2,EL,AE01,SN100348,40.33,14,529.06,1,1,CA,PO200348
100349,2022-07-23 14:00:00,2022-07-25 14:00:00,22087,Customer_149,1150,11,1,CO,FO02,SN100349,57.43,28,1495.57,0,0,CA,PO200349
100350,2022-07-24 04:00:00,2022-07-26 04:00:00,33762,Customer_150,1151,13,2,EL,CR04,SN100350,82.9,3,234.07,0,1,OH,
100351,2022-07-24 18:00:00,2022-07-26 18:00:00,92617,Customer_151,1154,13,2,CO,CR04,SN100351,187.31,7,1264.91,0,1,CA,PO200351
100352,2022-07-25 08:00:00,2022-07-27 08:00:00,19596,Customer_152,1154,11,1,FO,EL03,SN100352,121.55,3,354.43,0,0,OH,PO200352
100353,2022-07-25 22:00:00,2022-07-27 22:00:00,28313,Customer_153,1150,12,3,AE,CR04,SN100353,59.62,180,10278.39,0,1,CA,PO200353
100354,2022-07-26 12:00:00,2022-07-28 12:00:00,76549,Customer_154,1151,11,3,EL,CR04,SN100354,65.8,90,5882.9,0,0,FL,PO200354
100355,2022-07-27 02:00:00,2022-07-29 02:00:00,33705,Customer_155,1152,11,1,EL,CR04,SN100355,33.06,1,28.19,0,1,CA,
100356,2022-07-27 16:00:00,2022-07-29 16:00:00,77364,Customer_156,1150,12,3,EL,FO02,SN100356,65.83,14,810.41,1,1,NY,PO200356
100357,2022-07-28 06:00:00,2022-07-30 06:00:00,83445,Customer_157,1150,13,2,CO,CR04,SN100357,54.49,60,2782.48,0,0,OH,PO200357
100358,2022-07-28 20:00:00,2022-07-30 20:00:00,88645,Customer_158,1154,11,1,FO,CR04,SN100358,83.59,3,237.5,0,1,TX,PO200358
100359,2022-07-29 10:00:00,2022-07-31 10:00:00,12023,Customer_159,1150,13,1,EL,CR04,SN100359,37.37,14,515.21,0,0,TX,PO200359
100360,2022-07-30 00:00:00,2022-08-01 00:00:00,69796,Customer_160,1150,13,1,EL,AE01,SN100360,95.92,60,5102.26,0,0,OH,PO200360
100361,2022-07-30 14:00:00,2022-08-01 14:00:00,90073,Customer_161,1150,12,3,AE,FO02,SN100361,194.98,1,192.85,0,1,FL,PO200361
100362,2022-07-31 04:00:00,2022-08-02 04:00:00,74429,Customer_162,1154,12,1,AE,EL03,SN100362,61.8,14,743.22,0,0,CA,
100363,2022-07-31 18:00:00,2022-08-02 18:00:00,71627,Customer_163,1152,13,1,FO,AE01,SN100363,88.34,3,262.41,1,1,FL,PO200363
100364,2022-08-01 08:00:00,2022-08-03 08:00:00,43848,Customer_164,1152,11,1,FO,CO01,SN100364,108.1,60,5855.45,0,1,TX,PO200364
100365,2022-08-01 22:00:00,2022-08-03 22:00:00,47804,Customer_165,1150,13,3,CR,FO02,SN100365,50.36,90,3921.29,0,0,OH,PO200365
100366,2022-08-02 12:00:00,2022-08-04 12:00:00,25379,Customer_166,1154,11,2,AE,FO02,SN100366,78.01,90,6479.63,0,1,OH,PO200366
100367,2022-08-03 02:00:00,2022-08-05 02:00:00,69664,Customer_167,1152,11,1,CR,CO01,SN100367,67.28,7,418.44,0,0,FL,PO200367
100368,2022-08-03 16:00:00,2022-08-05 16:00:00,37766,Customer_168,1152,12,2,CO,CO01,SN100368,71.41,28,1784.88,0,1,FL,
100369,2022-08-04 06:00:00,2022-08-06 06:00:00,78099,Customer_169,1152,11,3,CR,CO01,SN100369,38.82,28,973.98,0,0,CA,
100370,2022-08-04 20:00:00,2022-08-06 20:00:00,46060,Customer_170,1154,11,3,EL,EL03,SN100370,67.84,7,460.85,0,0,NY,PO200370
100371,2022-08-05 10:00:00,2022-08-07 10:00:00,79122,Customer_171,1154,13,3,CR,CR04,SN100371,94.5,28,2463.09,0,0,NY,
100372,2022-08-06 00:00:00,2022-08-08 00:00:00,26087,Customer_172,1150,12,3,FO,FO02,SN100372,184.16,1,165.13,0,1,CA,PO200372
100373,2022-08-06 14:00:00,2022-08-08 14:00:00,58868,Customer_173,1153,11,2,CO,CR04,SN100373,130.52,14,1720.41,0,1,NY,
100374,2022-08-07 04:00:00,2022-08-09 04:00:00,33225,Customer_174,1152,11,1,EL,CR04,SN100374,301.04,3,864.65,0,1,TX,PO200374
100375,2022-08-07 18:00:00,2022-08-09 18:00:00,16643,Customer_175,1153,12,3,CR,CO01,SN100375,38.97,1,34.72,0,1,NY,PO200375
100376,2022-08-08 08:00:00,2022-08-10 08:00:00,46727,Customer_176,1154,13,3,CO,EL03,SN100376,122.81,1,112.01,0,1,CA,
100377,2022-08-08 22:00:00,2022-08-10 22:00:00,21005,Customer_177,1154,12,2,CO,AE01,SN100377,75.82,14,921.64,0,1,NY,PO200377
100378,2022-08-09 12:00:00,2022-08-11 12:00:00,75697,Customer_178,1154,12,2,EL,EL03,SN100378,308.85,7,1896.41,0,0,OH,
100379,2022-08-10 02:00:00,2022-08-12 02:00:00,26029,Customer_179,1153,11,3,CR,CR04,SN100379,37.87,14,504.84,0,1,FL,PO200379
100380,2022-08-10 16:00:00,2022-08-12 16:00:00,24226,Customer_180,1154,11,1,CO,EL03,SN100380,37.05,1,32.5,0,1,TX,
100381,2022-08-11 06:00:00,2022-08-13 06:00:00,73646,Customer_181,1150,13,1,CO,CO01,SN100381,43.83,7,284.99,0,0,OH,PO200381
100382,2022-08-11 20:00:00,2022-08-13 20:00:00,70603,Customer_182,1154,11,3,AE,AE01,SN100382,20.0,7,133.89,1,1,OH,PO200382
100383,2022-08-12 10:00:00,2022-08-14 10:00:00,38731,Customer_183,1151,11,2,CO,CO01,SN100383,46.15,28,1119.17,0,1,CA,
100384,2022-08-13 00:00:00,2022-08-15 00:00:00,78926,Customer_184,1153,12,3,AE,AE01,SN100384,39.2,7,256.57,1,1,FL,
100385,2022-08-13 14:00:00,2022-08-15 14:00:00,15997,Customer_185,1151,11,3,CR,CR04,SN100385,74.09,14,921.58,0,1,FL,PO200385
100386,2022-08-14 04:00:00,2022-08-16 04:00:00,65506,Customer_186,1154,13,2,CR,AE01,SN100386,84.71,60,5054.31,0,0,TX,
100387,2022-08-14 18:00:00,2022-08-16 18:00:00,88229,Customer_187,1150,12,3,CR,AE01,SN100387,247.97,14,3202.68,0,0,CA,PO200387
100388,2022-08-15 08:00:00,2022-08-17 08:00:00,59815,Customer_188,1152,13,3,FO,AE01,SN100388,129.71,3,377.8,0,0,TX,PO200388
100389,2022-08-15 22:00:00,2022-08-17 22:00:00,52092,Customer_189,1154,12,3,CR,EL03,SN100389,44.53,1,41.53,0,1,NY,PO200389
100390,2022-08-16 12:00:00,2022-08-18 12:00:00,72539,Customer_190,1150,11,2,CO,EL03,SN100390,35.56,60,1827.25,0,0,OH,PO200390
100391,2022-08-17 02:00:00,2022-08-19 02:00:00,76077,Customer_191,1153,12,1,EL,CR04,SN100391,94.1,1,88.92,0,1,TX,PO200391
100392,2022-08-17 16:00:00,2022-08-19 16:00:00,31817,Customer_192,1151,12,1,AE,AE01,SN100392,26.47,60,1576.35,0,0,OH,PO200392
100393,2022-08-18 06:00:00,2022-08-20 06:00:00,47861,Customer_193,1151,11,2,FO,FO02,SN100393,240.33,7,1581.79,1,0,CA,PO200393
100394,2022-08-18 20:00:00,2022-08-20 20:00:00,23428,Customer_194,1151,11,1,CR,CR04,SN100394,152.26,60,8887.99,1,1,NY,
100395,2022-08-19 10:00:00,2022-08-21 10:00:00,53934,Customer_195,1153,13,3,CR,AE01,SN100395,48.02,28,1321.15,0,1,CA,
100396,2022-08-20 00:00:00,2022-08-22 00:00:00,20258,Customer_196,1150,13,1,EL,AE01,SN100396,20.1,180,3199.35,0,0,NY,PO200396
100397,2022-08-20 14:00:00,2022-08-22 14:00:00,67775,Customer_197,1153,11,3,EL,EL03,SN100397,172.04,7,1061.92,0,1,NY,PO200397
100398,2022-08-21 04:00:00,2022-08-23 04:00:00,91580,Customer_198,1151,11,1,FO,CR04,SN100398,61.55,28,1622.79,0,1,OH,
100399,2022-08-21 18:00:00,2022-08-23 18:00:00,15469,Customer_199,1154,11,2,AE,AE01,SN100399,158.61,7,1012.21,0,0,CA,PO200399
100400,2022-08-22 08:00:00,2022-08-24 08:00:00,38854,Customer_0,1152,12,1,CR,AE01,SN100400,21.84,7,149.23,1,0,CA,PO200400
100401,2022-08-22 22:00:00,2022-08-24 22:00:00,16256,Customer_1,1153,12,1,FO,CR04,SN100401,43.84,14,604.49,0,1,TX,
100402,2022-08-23 12:00:00,2022-08-25 12:00:00,86256,Customer_2,1153,12,1,CO,FO02,SN100402,66.93,60,3626.4,0,1,CA,PO200402
100403,2022-08-24 02:00:00,2022-08-26 02:00:00,43937,Customer_3,1150,11,2,CO,CR04,SN100403,68.92,180,10984.88,0,0,TX,
100404,2022-08-24 16:00:00,2022-08-26 16:00:00,11651,Customer_4,1150,13,1,FO,CR04,SN100404,48.66,28,1317.75,1,1,FL,PO200404
100405,2022-08-25 06:00:00,2022-08-27 06:00:00,60288,Customer_5,1153,11,2,CR,FO02,SN100405,103.13,7,643.38,0,1,FL,
100406,2022-08-25 20:00:00,2022-08-27 20:00:00,94730,Customer_6,1151,12,3,FO,CR04,SN100406,31.58,7,215.21,0,1,FL,PO200406
100407,2022-08-26 10:00:00,2022-08-28 10:00:00,35051,Customer_7,1152,12,1,CR,AE01,SN100407,60.36,14,772.0,1,1,CA,
100408,2022-08-27 00:00:00,2022-08-29 00:00:00,37386,Customer_8,1150,11,2,EL,CR04,SN100408,72.54,3,206.78,0,1,CA,PO200408
100409,2022-08-27 14:00:00,2022-08-29 14:00:00,85054,Customer_9,1151,11,2,FO,FO02,SN100409,95.59,1,82.62,1,1,TX,PO200409
100410,2022-08-28 04:00:00,2022-08-30 04:00:00,26184,Customer_10,1154,12,1,CR,CO01,SN100410,109.74,7,724.85,0,1,NY,
100411,2022-08-28 18:00:00,2022-08-30 18:00:00,43787,Customer_11,1150,12,3,FO,CR04,SN100411,30.35,3,83.56,1,1,TX,PO200411
100412,2022-08-29 08:00:00,2022-08-31 08:00:00,31621,Customer_12,1151,12,2,FO,EL03,SN100412,22.79,3,64.12,0,1,FL,PO200412
100413,2022-08-29 22:00:00,2022-08-31 22:00:00,85564,Customer_13,1151,11,1,CR,AE01,SN100413,163.1,3,428.24,0,1,TX,
100414,2022-08-30 12:00:00,2022-09-01 12:00:00,87984,Customer_14,1152,12,3,CR,AE01,SN100414,84.15,1,80.83,1,0,NY,PO200414
100415,2022-08-31 02:00:00,2022-09-02 02:00:00,69792,Customer_15,1152,12,2,AE,EL03,SN100415,39.49,1,38.68,0,1,CA,PO200415
100416,2022-08-31 16:00:00,2022-09-02 16:00:00,55253,Customer_16,1154,13,2,FO,EL03,SN100416,197.51,180,31375.39,0,1,TX,PO200416
100417,2022-09-01 06:00:00,2022-09-03 06:00:00,44051,Customer_17,1151,11,3,CO,CR04,SN100417,72.31,7,437.52,0,1,FL,PO200417
100418,2022-09-01 20:00:00,2022-09-03 20:00:00,59811,Customer_18,1151,13,3,FO,EL03,SN100418,152.25,7,909.65,0,1,FL,PO200418
100419,2022-09-02 10:00:00,2022-09-04 10:00:00,40447,Customer_19,1152,13,1,FO,CO01,SN100419,69.91,14,926.23,0,1,CA,
100420,2022-09-03 00:00:00,2022-09-05 00:00:00,93930,Customer_20,1150,12,1,CR,FO02,SN100420,282.17,3,796.63,0,0,TX,PO200420
100421,2022-09-03 14:00:00,2022-09-05 14:00:00,40254,Customer_21,1150,11,2,FO,EL03,SN100421,227.86,90,19113.13,0,1,NY,PO200421
100422,2022-09-04 04:00:00,2022-09-06 04:00:00,94045,Customer_22,1153,12,3,FO,EL03,SN100422,56.02,28,1387.87,0,1,CA,PO200422
100423,2022-09-04 18:00:00,2022-09-06 18:00:00,67418,Customer_23,1152,11,3,CO,CO01,SN100423,131.64,1,119.62,0,0,TX,PO200423
100424,2022-09-05 08:00:00,2022-09-07 08:00:00,24472,Customer_24,1153,13,3,CR,AE01,SN100424,104.77,7,688.78,0,0,OH,PO200424
100425,2022-09-05 22:00:00,2022-09-07 22:00:00,13471,Customer_25,1152,11,2,FO,AE01,SN100425,173.82,60,9642.16,1,1,FL,
100426,2022-09-06 12:00:00,2022-09-08 12:00:00,18329,Customer_26,1154,12,3,EL,CR04,SN100426,33.94,90,3048.88,1,0,NY,
100427,2022-09-07 02:00:00,2022-09-09 02:00:00,44865,Customer_27,1151,12,3,AE,CO01,SN100427,107.8,7,656.83,1,0,NY,
100428,2022-09-07 16:00:00,2022-09-09 16:00:00,56850,Customer_28,1154,12,2,CO,FO02,SN100428,139.9,14,1868.98,0,1,NY,
100429,2022-09-08 06:00:00,2022-09-10 06:00:00,64220,Customer_29,1152,11,1,FO,FO02,SN100429,20.0,3,54.64,0,1,FL,PO200429
100430,2022-09-08 20:00:00,2022-09-10 20:00:00,16397,Customer_30,1151,13,1,EL,CO01,SN100430,29.13,180,4793.44,0,1,TX,
100431,2022-09-09 10:00:00,2022-09-11 10:00:00,45525,Customer_31,1150,13,2,FO,FO02,SN100431,20.0,3,57.46,0,1,CA,
100432,2022-09-10 00:00:00,2022-09-12 00:00:00,63072,Customer_32,1150,11,3,FO,AE01,SN100432,55.22,90,4740.95,0,0,TX,
100433,2022-09-10 14:00:00,2022-09-12 14:00:00,93820,Customer_33,1153,12,2,CR,FO02,SN100433,110.2,14,1540.75,0,1,CA,
100434,2022-09-11 04:00:00,2022-09-13 04:00:00,94530,Customer_34,1152,13,1,CR,FO02,SN100434,190.88,14,2322.95,0,1,NY,
100435,2022-09-11 18:00:00,2022-09-13 18:00:00,33284,Customer_35,1152,12,1,CR,CO01,SN100435,70.24,7,425.58,1,1,TX,
100436,2022-09-12 08:00:00,2022-09-14 08:00:00,71330,Customer_36,1150,11,2,EL,CO01,SN100436,208.52,3,599.69,0,1,NY,PO200436
100437,2022-09-12 22:00:00,2022-09-14 22:00:00,93369,Customer_37,1154,12,2,FO,FO02,SN100437,25.38,3,71.32,0,1,OH,PO200437
100438,2022-09-13 12:00:00,2022-09-15 12:00:00,35122,Customer_38,1151,13,1,AE,EL03,SN100438,20.24,3,54.11,0,1,NY,
100439,2022-09-14 02:00:00,2022-09-16 02:00:00,80553,Customer_39,1154,13,2,CO,CO01,SN100439,64.14,3,165.86,0,1,NY,PO200439
100440,2022-09-14 16:00:00,2022-09-16 16:00:00,91906,Customer_40,1154,12,1,CR,CR04,SN100440,87.26,28,2108.08,1,1,CA,PO200440
100441,2022-09-15 06:00:00,2022-09-17 06:00:00,72812,Customer_41,1150,11,2,CR,CR04,SN100441,65.18,7,449.0,0,1,OH,
100442,2022-09-15 20:00:00,2022-09-17 20:00:00,17999,Customer_42,1150,12,2,FO,AE01,SN100442,20.0,1,17.58,0,1,NY,
100443,2022-09-16 10:00:00,2022-09-18 10:00:00,32436,Customer_43,1150,11,2,FO,FO02,SN100443,62.65,90,5066.49,0,1,NY,PO200443
100444,2022-09-17 00:00:00,2022-09-19 00:00:00,52963,Customer_44,1153,12,1,EL,EL03,SN100444,26.76,60,1419.3,0,1,OH,PO200444
100445,2022-09-17 14:00:00,2022-09-19 14:00:00,12096,Customer_45,1154,13,2,EL,AE01,SN100445,106.57,60,5775.38,0,1,OH,
100446,2022-09-18 04:00:00,2022-09-20 04:00:00,35279,Customer_46,1152,11,1,CR,FO02,SN100446,86.2,180,13349.49,1,1,TX,
100447,2022-09-18 18:00:00,2022-09-20 18:00:00,36201,Customer_47,1151,11,1,FO,CO01,SN100447,34.54,3,96.14,1,1,CA,PO200447
100448,2022-09-19 08:00:00,2022-09-21 08:00:00,29715,Customer_48,1153,11,2,AE,CR04,SN100448,46.54,7,280.21,1,1,OH,
100449,2022-09-19 22:00:00,2022-09-21 22:00:00,39309,Customer_49,1152,13,2,CO,EL03,SN100449,31.77,28,862.95,0,1,OH,
100450,2022-09-20 12:00:00,2022-09-22 12:00:00,25078,Customer_50,1154,12,1,FO,CR04,SN100450,63.82,14,790.83,1,1,FL,PO200450
100451,2022-09-21 02:00:00,2022-09-23 02:00:00,66614,Customer_51,1150,13,1,FO,CO01,SN100451,130.14,3,363.48,0,1,OH,PO200451
100452,2022-09-21 16:00:00,2022-09-23 16:00:00,15105,Customer_52,1154,11,3,EL,FO02,SN100452,33.45,28,919.7,0,1,CA,PO200452
100453,2022-09-22 06:00:00,2022-09-24 06:00:00,12839,Customer_53,1151,12,1,CO,CO01,SN100453,94.9,3,269.79,0,1,NY,PO200453
100454,2022-09-22 20:00:00,2022-09-24 20:00:00,78920,Customer_54,1153,13,3,CR,CO01,SN100454,46.01,3,128.36,0,1,NY,
100455,2022-09-23 10:00:00,2022-09-25 10:00:00,53619,Customer_55,1153,11,3,FO,CR04,SN100455,38.28,7,240.82,0,1,NY,
100456,2022-09-24 00:00:00,2022-09-26 00:00:00,52821,Customer_56,1151,11,3,CR,EL03,SN100456,61.87,14,779.55,1,1,NY,PO200456
100457,2022-09-24 14:00:00,2022-09-26 14:00:00,23493,Customer_57,1152,13,2,FO,CO01,SN100457,32.31,14,429.89,0,0,FL,
100458,2022-09-25 04:00:00,2022-09-27 04:00:00,27069,Customer_58,1152,13,2,CR,CR04,SN100458,45.26,1,45.22,0,1,OH,PO200458
100459,2022-09-25 18:00:00,2022-09-27 18:00:00,17531,Customer_59,1153,13,1,CO,EL03,SN100459,28.83,60,1642.17,0,1,NY,PO200459
100460,2022-09-26 08:00:00,2022-09-28 08:00:00,47051,Customer_60,1153,11,3,EL,FO02,SN100460,263.83,3,738.99,1,1,TX,PO200460
100461,2022-09-26 22:00:00,2022-09-28 22:00:00,17736,Customer_61,1150,13,2,CO,FO02,SN100461,68.35,1,65.59,1,1,NY,
100462,2022-09-27 12:00:00,2022-09-29 12:00:00,17710,Customer_62,1152,11,2,AE,AE01,SN100462,40.86,60,2255.03,1,1,OH,PO200462
100463,2022-09-28 02:00:00,2022-09-30 02:00:00,77155,Customer_63,1151,13,2,EL,CR04,SN100463,77.46,90,5988.73,0,1,NY,PO200463
100464,2022-09-28 16:00:00,2022-09-30 16:00:00,23975,Customer_64,1152,11,2,CO,EL03,SN100464,61.64,28,1612.7,0,1,FL,PO200464
100465,2022-09-29 06:00:00,2022-10-01 06:00:00,72424,Customer_65,1150,11,2,AE,CO01,SN100465,57.13,28,1589.46,0,1,CA,
100466,2022-09-29 20:00:00,2022-10-01 20:00:00,55603,Customer_66,1153,12,3,FO,FO02,SN100466,102.51,14,1257.55,0,1,CA,
100467,2022-09-30 10:00:00,2022-10-02 10:00:00,33252,Customer_67,1153,13,3,FO,EL03,SN100467,113.32,14,1512.77,0,0,OH,
100468,2022-10-01 00:00:00,2022-10-03 00:00:00,90797,Customer_68,1150,13,3,CR,CR04,SN100468,46.0,1,40.49,0,1,CA,PO200468
100469,2022-10-01 14:00:00,2022-10-03 14:00:00,11431,Customer_69,1151,11,3,EL,AE01,SN100469,44.56,7,290.23,0,1,CA,PO200469
100470,2022-10-02 04:00:00,2022-10-04 04:00:00,84603,Customer_70,1153,11,1,FO,FO02,SN100470,55.01,7,332.88,1,0,TX,PO200470
100471,2022-10-02 18:00:00,2022-10-04 18:00:00,47481,Customer_71,1154,11,3,EL,EL03,SN100471,20.0,3,55.05,0,1,OH,PO200471
100472,2022-10-03 08:00:00,2022-10-05 08:00:00,19557,Customer_72,1153,12,2,FO,EL03,SN100472,23.09,14,311.43,0,1,OH,
100473,2022-10-03 22:00:00,2022-10-05 22:00:00,84971,Customer_73,1154,12,3,CR,EL03,SN100473,173.61,7,1096.34,0,0,CA,PO200473
100474,2022-10-04 12:00:00,2022-10-06 12:00:00,10162,Customer_74,1150,11,1,CO,CR04,SN100474,210.92,1,200.32,1,1,CA,
100475,2022-10-05 02:00:00,2022-10-07 02:00:00,44742,Customer_75,1150,13,2,CR,CR04,SN100475,56.02,3,162.9,1,0,CA,PO200475
100476,2022-10-05 16:00:00,2022-10-07 16:00:00,29675,Customer_76,1153,13,3,AE,CR04,SN100476,99.84,14,1382.52,1,1,FL,PO200476
100477,2022-10-06 06:00:00,2022-10-08 06:00:00,83997,Customer_77,1152,12,3,FO,CO01,SN100477,82.92,1,73.4,1,1,NY,PO200477
100478,2022-10-06 20:00:00,2022-10-08 20:00:00,27015,Customer_78,1154,12,3,AE,EL03,SN100478,575.49,28,14661.75,0,1,FL,PO200478
100479,2022-10-07 10:00:00,2022-10-09 10:00:00,60057,Customer_79,1151,11,2,AE,FO02,SN100479,146.01,7,892.15,0,0,OH,
100480,2022-10-08 00:00:00,2022-10-10 00:00:00,42591,Customer_80,1153,13,2,EL,CR04,SN100480,60.97,7,426.34,0,0,TX,
100481,2022-10-08 14:00:00,2022-10-10 14:00:00,19833,Customer_81,1151,11,1,FO,CR04,SN100481,34.16,14,473.03,0,0,NY,PO200481
100482,2022-10-09 04:00:00,2022-10-11 04:00:00,17896,Customer_82,1153,12,2,AE,EL03,SN100482,21.66,28,564.64,0,1,TX,PO200482
100483,2022-10-09 18:00:00,2022-10-11 18:00:00,42972,Customer_83,1152,13,2,CO,CR04,SN100483,76.89,7,525.5,0,0,OH,
100484,2022-10-10 08:00:00,2022-10-12 08:00:00,59733,Customer_84,1152,13,3,AE,CO01,SN100484,39.27,14,510.32,1,1,OH,
100485,2022-10-10 22:00:00,2022-10-12 22:00:00,51800,Customer_85,1152,12,2,CO,CO01,SN100485,24.64,14,325.5,1,0,TX,PO200485
100486,2022-10-11 12:00:00,2022-10-13 12:00:00,15347,Customer_86,1152,11,3,EL,CR04,SN100486,42.41,3,109.85,1,1,TX,
100487,2022-10-12 02:00:00,2022-10-14 02:00:00,69063,Customer_87,1150,11,3,AE,EL03,SN100487,31.28,60,1807.79,1,0,TX,PO200487
100488,2022-10-12 16:00:00,2022-10-14 16:00:00,12643,Customer_88,1150,13,2,CR,EL03,SN100488,217.24,28,5286.82,0,0,OH,PO200488
100489,2022-10-13 06:00:00,2022-10-15 06:00:00,50785,Customer_89,1154,12,1,EL,EL03,SN100489,123.61,14,1685.42,0,1,CA,
100490,2022-10-13 20:00:00,2022-10-15 20:00:00,28681,Customer_90,1151,13,1,CO,AE01,SN100490,66.32,28,1796.12,0,0,TX,
100491,2022-10-14 10:00:00,2022-10-16 10:00:00,60026,Customer_91,1153,12,2,EL,CR04,SN100491,187.91,28,5031.6,0,0,NY,PO200491
100492,2022-10-15 00:00:00,2022-10-17 00:00:00,25892,Customer_92,1153,11,1,AE,EL03,SN100492,70.4,14,843.08,1,1,OH,PO200492
100493,2022-10-15 14:00:00,2022-10-17 14:00:00,57299,Customer_93,1150,12,3,FO,CO01,SN100493,36.49,28,914.98,0,1,FL,PO200493
100494,2022-10-16 04:00:00,2022-10-18 04:00:00,27073,Customer_94,1153,11,3,FO,FO02,SN100494,193.68,14,2411.76,1,1,FL,PO200494
100495,2022-10-16 18:00:00,2022-10-18 18:00:00,40682,Customer_95,1150,12,2,CO,FO02,SN100495,97.25,14,1230.76,0,0,NY,
100496,2022-10-17 08:00:00,2022-10-19 08:00:00,24289,Customer_96,1154,13,1,CO,EL03,SN100496,32.26,14,389.87,0,1,CA,PO200496
100497,2022-10-17 22:00:00,2022-10-19 22:00:00,17927,Customer_97,1151,11,1,FO,FO02,SN100497,58.37,28,1618.84,0,0,TX,PO200497
100498,2022-10-18 12:00:00,2022-10-20 12:00:00,58330,Customer_98,1154,13,3,CO,FO02,SN100498,36.13,3,101.13,0,0,OH,
100499,2022-10-19 02:00:00,2022-10-21 02:00:00,76707,Customer_99,1152,13,2,EL,AE01,SN100499,25.33,60,1361.55,0,1,TX,PO200499
