rental_contract_id,rental_out_dt,rental_return_dt,customer_id,customer_name,branch_id,district_id,region_id,product_category,product_class,asset_serial_num,daily_rate_amt,days_on_rent,rental_revenue_amt,is_active_rental,has_rdp,job_state_cd,purchase_order_num
900000,2022-01-01 00:00:00,2022-01-03 00:00:00,81437,Customer_0,1151,11,3,CR,AE01,SN100000,42.14,3,117.65,1,1,FL,PO200000
900001,2022-01-01 14:00:00,2022-01-03 14:00:00,48897,Customer_1,1150,12,3,CO,FO02,SN100001,37.78,14,449.98,0,1,TX,
900002,2022-01-02 04:00:00,2022-01-04 04:00:00,60906,Customer_2,1151,13,1,AE,CO01,SN100002,57.95,3,149.67,0,1,CA,PO200002
900003,2022-01-02 18:00:00,2022-01-04 18:00:00,61616,Customer_3,1151,12,1,EL,CR04,SN100003,37.76,1,33.74,0,1,FL,PO200003
900004,2022-01-03 08:00:00,2022-01-05 08:00:00,14482,Customer_4,1154,13,1,CR,FO02,SN100004,92.98,180,16440.63,0,1,TX,PO200004
900005,2022-01-03 22:00:00,2022-01-05 22:00:00,82936,Customer_5,1152,11,3,FO,AE01,SN100005,20.0,14,244.17,0,1,CA,PO200005
900006,2022-01-04 12:00:00,2022-01-06 12:00:00,49574,Customer_6,1153,12,1,CO,AE01,SN100006,96.99,7,649.49,0,1,CA,
900007,2022-01-05 02:00:00,2022-01-07 02:00:00,53284,Customer_7,1152,11,1,CO,EL03,SN100007,80.86,3,241.62,0,1,TX,PO200007
900008,2022-01-05 16:00:00,2022-01-07 16:00:00,82932,Customer_8,1152,12,1,EL,CO01,SN100008,161.41,14,2188.69,0,1,CA,PO200008
900009,2022-01-06 06:00:00,2022-01-08 06:00:00,17338,Customer_9,1154,11,3,FO,CR04,SN100009,123.19,1,109.2,1,1,TX,
900010,2022-01-06 20:00:00,2022-01-08 20:00:00,52718,Customer_10,1153,12,3,FO,FO02,SN100010,41.32,1,40.75,0,0,NY,PO200010
900011,2022-01-07 10:00:00,2022-01-09 10:00:00,22500,Customer_11,1150,12,3,CR,AE01,SN100011,113.86,1,98.38,0,1,NY,PO200011
900012,2022-01-08 00:00:00,2022-01-10 00:00:00,21545,Customer_12,1153,13,1,CO,FO02,SN100012,59.28,7,381.89,1,0,CA,
900013,2022-01-08 14:00:00,2022-01-10 14:00:00,71480,Customer_13,1150,11,2,AE,CR04,SN100013,20.0,14,275.28,0,0,CA,
900014,2022-01-09 04:00:00,2022-01-11 04:00:00,15241,Customer_14,1153,13,1,EL,FO02,SN100014,74.53,1,70.52,0,0,TX,PO200014
900015,2022-01-09 18:00:00,2022-01-11 18:00:00,99314,Customer_15,1151,13,1,EL,CO01,SN100015,43.08,14,550.05,1,1,CA,PO200015
900016,2022-01-10 08:00:00,2022-01-12 08:00:00,32821,Customer_16,1153,11,3,EL,EL03,SN100016,66.7,3,178.86,0,1,OH,PO200016
900017,2022-01-10 22:00:00,2022-01-12 22:00:00,14695,Customer_17,1154,12,3,EL,FO02,SN100017,211.88,14,2688.26,0,1,NY,PO200017
900018,2022-01-11 12:00:00,2022-01-13 12:00:00,87066,Customer_18,1150,13,1,AE,EL03,SN100018,78.05,180,13014.18,0,1,CA,PO200018
900019,2022-01-12 02:00:00,2022-01-14 02:00:00,24318,Customer_19,1152,11,1,AE,CR04,SN100019,32.72,14,411.24,0,1,CA,PO200019
900020,2022-01-12 16:00:00,2022-01-14 16:00:00,60934,Customer_20,1154,12,2,CR,EL03,SN100020,130.99,60,7822.58,0,1,FL,PO200020
900021,2022-01-13 06:00:00,2022-01-15 06:00:00,32331,Customer_21,1150,13,2,CO,FO02,SN100021,85.95,90,7657.96,0,1,CA,PO200021
900022,2022-01-13 20:00:00,2022-01-15 20:00:00,62672,Customer_22,1150,13,3,AE,FO02,SN100022,30.13,7,206.79,0,0,OH,
900023,2022-01-14 10:00:00,2022-01-16 10:00:00,86860,Customer_23,1152,13,2,CR,AE01,SN100023,21.66,14,276.99,0,0,NY,PO200023
900024,2022-01-15 00:00:00,2022-01-17 00:00:00,78754,Customer_24,1151,12,2,FO,FO02,SN100024,33.64,28,898.44,1,1,FL,PO200024
900025,2022-01-15 14:00:00,2022-01-17 14:00:00,95677,Customer_25,1154,13,3,CO,EL03,SN100025,119.75,7,826.04,0,1,TX,
900026,2022-01-16 04:00:00,2022-01-18 04:00:00,12837,Customer_26,1152,12,2,AE,AE01,SN100026,53.99,3,158.35,1,1,TX,PO200026
900027,2022-01-16 18:00:00,2022-01-18 18:00:00,50077,Customer_27,1152,13,1,FO,FO02,SN100027,70.58,90,5794.46,0,1,NY,PO200027
900028,2022-01-17 08:00:00,2022-01-19 08:00:00,89915,Customer_28,1151,11,2,CR,FO02,SN100028,26.13,14,317.1,1,0,TX,PO200028
900029,2022-01-17 22:00:00,2022-01-19 22:00:00,14239,Customer_29,1154,13,3,AE,CR04,SN100029,122.03,3,315.33,0,0,OH,PO200029
900030,2022-01-18 12:00:00,2022-01-20 12:00:00,96348,Customer_30,1152,11,1,AE,AE01,SN100030,20.0,7,131.12,0,1,CA,PO200030
900031,2022-01-19 02:00:00,2022-01-21 02:00:00,39669,Customer_31,1151,11,2,FO,CR04,SN100031,42.15,28,1116.94,0,0,NY,PO200031
900032,2022-01-19 16:00:00,2022-01-21 16:00:00,58624,Customer_32,1154,11,1,AE,CR04,SN100032,89.38,7,611.58,1,0,FL,
900033,2022-01-20 06:00:00,2022-01-22 06:00:00,85147,Customer_33,1153,12,1,EL,CR04,SN100033,30.39,14,380.33,0,0,CA,PO200033
900034,2022-01-20 20:00:00,2022-01-22 20:00:00,14150,Customer_34,1150,11,2,AE,CO01,SN100034,102.5,28,2511.67,0,1,TX,PO200034
900035,2022-01-21 10:00:00,2022-01-23 10:00:00,21109,Customer_35,1151,13,2,CO,CR04,SN100035,36.29,14,460.74,0,0,TX,PO200035
900036,2022-01-22 00:00:00,2022-01-24 00:00:00,36016,Customer_36,1150,12,3,FO,EL03,SN100036,28.27,7,178.69,1,1,FL,
900037,2022-01-22 14:00:00,2022-01-24 14:00:00,21936,Customer_37,1153,11,3,CO,FO02,SN100037,164.11,14,1998.56,0,1,OH,PO200037
900038,2022-01-23 04:00:00,2022-01-25 04:00:00,21036,Customer_38,1152,12,1,CR,CO01,SN100038,74.27,14,988.71,0,0,FL,PO200038
900039,2022-01-23 18:00:00,2022-01-25 18:00:00,49236,Customer_39,1152,12,3,CO,CR04,SN100039,95.9,14,1243.68,0,1,NY,PO200039
900040,2022-01-24 08:00:00,2022-01-26 08:00:00,24021,Customer_40,1154,12,1,EL,FO02,SN100040,136.01,7,912.26,0,0,FL,PO200040
900041,2022-01-24 22:00:00,2022-01-26 22:00:00,46943,Customer_41,1151,13,1,EL,AE01,SN100041,20.0,7,126.41,1,1,TX,PO200041
900042,2022-01-25 12:00:00,2022-01-27 12:00:00,91007,Customer_42,1151,11,3,CO,AE01,SN100042,104.0,90,8412.92,1,1,OH,PO200042
900043,2022-01-26 02:00:00,2022-01-28 02:00:00,60016,Customer_43,1154,12,3,CR,FO02,SN100043,39.15,1,36.05,0,0,OH,
900044,2022-01-26 16:00:00,2022-01-28 16:00:00,33244,Customer_44,1150,12,3,AE,EL03,SN100044,42.93,3,126.41,0,1,FL,PO200044
900045,2022-01-27 06:00:00,2022-01-29 06:00:00,73027,Customer_45,1152,12,2,EL,FO02,SN100045,90.58,7,542.77,1,1,NY,
900046,2022-01-27 20:00:00,2022-01-29 20:00:00,48985,Customer_46,1152,11,1,CO,FO02,SN100046,51.72,28,1405.8,0,1,TX,PO200046
900047,2022-01-28 10:00:00,2022-01-30 10:00:00,11502,Customer_47,1151,12,1,CO,CO01,SN100047,101.11,3,274.61,1,1,CA,PO200047
900048,2022-01-29 00:00:00,2022-01-31 00:00:00,63836,Customer_48,1151,12,1,CO,AE01,SN100048,64.81,3,190.18,0,0,OH,PO200048
900049,2022-01-29 14:00:00,2022-01-31 14:00:00,13770,Customer_49,1154,13,3,AE,AE01,SN100049,75.02,1,72.79,0,1,FL,PO200049
900050,2022-01-30 04:00:00,2022-02-01 04:00:00,52865,Customer_50,1153,11,3,FO,CR04,SN100050,47.32,14,597.71,0,0,NY,PO200050
900051,2022-01-30 18:00:00,2022-02-01 18:00:00,63811,Customer_51,1150,13,3,CR,FO02,SN100051,31.64,3,90.57,0,0,NY,
900052,2022-01-31 08:00:00,2022-02-02 08:00:00,14001,Customer_52,1153,11,3,FO,FO02,SN100052,39.72,7,242.97,1,0,TX,PO200052
900053,2022-01-31 22:00:00,2022-02-02 22:00:00,70848,Customer_53,1153,11,3,CR,EL03,SN100053,62.06,7,427.63,0,0,OH,PO200053
900054,2022-02-01 12:00:00,2022-02-03 12:00:00,62635,Customer_54,1151,11,2,CR,AE01,SN100054,241.31,60,13185.07,1,1,TX,PO200054
900055,2022-02-02 02:00:00,2022-02-04 02:00:00,30946,Customer_55,1151,13,3,CO,EL03,SN100055,186.86,7,1201.18,0,1,CA,PO200055
900056,2022-02-02 16:00:00,2022-02-04 16:00:00,76134,Customer_56,1151,13,1,EL,CO01,SN100056,42.21,1,40.35,1,1,CA,PO200056
900057,2022-02-03 06:00:00,2022-02-05 06:00:00,53744,Customer_57,1153,13,3,CO,CR04,SN100057,69.56,7,473.83,0,0,CA,PO200057
900058,2022-02-03 20:00:00,2022-02-05 20:00:00,49159,Customer_58,1150,13,1,AE,EL03,SN100058,54.52,90,4344.85,1,1,NY,
900059,2022-02-04 10:00:00,2022-02-06 10:00:00,33671,Customer_59,1151,12,3,CR,AE01,SN100059,73.05,14,970.79,0,1,OH,PO200059
900060,2022-02-05 00:00:00,2022-02-07 00:00:00,26450,Customer_60,1152,12,3,EL,CO01,SN100060,79.94,180,13076.41,1,0,TX,PO200060
900061,2022-02-05 14:00:00,2022-02-07 14:00:00,24908,Customer_61,1150,12,1,CR,FO02,SN100061,96.47,28,2445.44,0,0,TX,
900062,2022-02-06 04:00:00,2022-02-08 04:00:00,67275,Customer_62,1152,11,1,CR,CO01,SN100062,20.0,1,19.07,0,1,CA,PO200062
900063,2022-02-06 18:00:00,2022-02-08 18:00:00,54358,Customer_63,1150,12,1,CO,EL03,SN100063,86.19,14,1095.74,1,1,OH,PO200063
900064,2022-02-07 08:00:00,2022-02-09 08:00:00,59047,Customer_64,1151,11,1,EL,AE01,SN100064,50.44,3,136.47,0,1,OH,PO200064
900065,2022-02-07 22:00:00,2022-02-09 22:00:00,45518,Customer_65,1154,13,2,EL,EL03,SN100065,40.71,14,555.95,0,1,FL,PO200065
900066,2022-02-08 12:00:00,2022-02-10 12:00:00,67813,Customer_66,1151,11,1,CR,FO02,SN100066,116.28,3,301.81,0,1,OH,PO200066
900067,2022-02-09 02:00:00,2022-02-11 02:00:00,16806,Customer_67,1153,11,3,EL,FO02,SN100067,186.19,7,1239.98,0,0,OH,
900068,2022-02-09 16:00:00,2022-02-11 16:00:00,50891,Customer_68,1153,12,3,EL,AE01,SN100068,108.02,60,5750.74,0,1,TX,
900069,2022-02-10 06:00:00,2022-02-12 06:00:00,93551,Customer_69,1150,13,2,CO,CR04,SN100069,46.39,3,118.61,0,0,OH,PO200069
900070,2022-02-10 20:00:00,2022-02-12 20:00:00,49220,Customer_70,1153,13,1,FO,CO01,SN100070,31.4,60,1648.51,0,1,OH,
900071,2022-02-11 10:00:00,2022-02-13 10:00:00,27158,Customer_71,1151,12,3,AE,CO01,SN100071,20.0,1,18.82,0,1,TX,PO200071
900072,2022-02-12 00:00:00,2022-02-14 00:00:00,90992,Customer_72,1152,13,2,FO,FO02,SN100072,75.77,1,72.47,0,1,OH,PO200072
900073,2022-02-12 14:00:00,2022-02-14 14:00:00,37588,Customer_73,1151,13,3,EL,EL03,SN100073,100.01,28,2389.18,1,1,TX,PO200073
900074,2022-02-13 04:00:00,2022-02-15 04:00:00,72576,Customer_74,1150,13,2,CR,EL03,SN100074,62.1,14,743.7,0,1,FL,PO200074
900075,2022-02-13 18:00:00,2022-02-15 18:00:00,98027,Customer_75,1153,12,2,AE,CR04,SN100075,128.2,14,1768.62,0,1,NY,PO200075
900076,2022-02-14 08:00:00,2022-02-16 08:00:00,34188,Customer_76,1152,13,1,AE,EL03,SN100076,26.47,3,68.36,0,1,TX,PO200076
900077,2022-02-14 22:00:00,2022-02-16 22:00:00,68830,Customer_77,1154,11,2,CR,CO01,SN100077,59.15,7,407.5,0,1,TX,PO200077
900078,2022-02-15 12:00:00,2022-02-17 12:00:00,14019,Customer_78,1152,11,3,AE,EL03,SN100078,55.97,14,692.84,0,1,OH,PO200078
900079,2022-02-16 02:00:00,2022-02-18 02:00:00,22419,Customer_79,1152,13,3,CR,CR04,SN100079,61.74,14,830.65,0,0,TX,PO200079
900080,2022-02-16 16:00:00,2022-02-18 16:00:00,43697,Customer_80,1151,12,1,AE,CO01,SN100080,151.04,7,947.82,0,1,CA,
900081,2022-02-17 06:00:00,2022-02-19 06:00:00,94932,Customer_81,1154,12,1,FO,EL03,SN100081,61.97,90,5458.91,0,1,CA,PO200081
900082,2022-02-17 20:00:00,2022-02-19 20:00:00,17973,Customer_82,1150,12,2,AE,CO01,SN100082,54.25,14,725.4,0,0,FL,PO200082
900083,2022-02-18 10:00:00,2022-02-20 10:00:00,96649,Customer_83,1150,13,1,CO,FO02,SN100083,34.62,60,1890.6,1,1,TX,PO200083
900084,2022-02-19 00:00:00,2022-02-21 00:00:00,21136,Customer_84,1152,13,3,CR,FO02,SN100084,169.02,14,2038.4,0,1,OH,PO200084
900085,2022-02-19 14:00:00,2022-02-21 14:00:00,94739,Customer_85,1152,11,3,AE,FO02,SN100085,24.49,14,329.08,0,1,OH,PO200085
900086,2022-02-20 04:00:00,2022-02-22 04:00:00,72502,Customer_86,1153,12,1,CR,EL03,SN100086,45.28,1,42.68,0,0,NY,PO200086
900087,2022-02-20 18:00:00,2022-02-22 18:00:00,41285,Customer_87,1154,11,1,CO,CR04,SN100087,218.28,7,1299.4,1,1,FL,
900088,2022-02-21 08:00:00,2022-02-23 08:00:00,33039,Customer_88,1152,11,1,AE,CO01,SN100088,92.55,28,2206.4,1,1,OH,PO200088
900089,2022-02-21 22:00:00,2022-02-23 22:00:00,76720,Customer_89,1153,12,2,AE,AE01,SN100089,65.75,3,191.6,1,1,NY,
900090,2022-02-22 12:00:00,2022-02-24 12:00:00,98263,Customer_90,1154,13,2,CO,FO02,SN100090,67.71,1,60.19,0,0,OH,PO200090
900091,2022-02-23 02:00:00,2022-02-25 02:00:00,69155,Customer_91,1150,13,3,CO,FO02,SN100091,34.38,7,227.54,0,0,NY,PO200091
900092,2022-02-23 16:00:00,2022-02-25 16:00:00,26911,Customer_92,1153,11,2,CO,AE01,SN100092,63.56,3,175.08,0,1,CA,
900093,2022-02-24 06:00:00,2022-02-26 06:00:00,10916,Customer_93,1154,11,2,CR,AE01,SN100093,52.2,60,3067.87,1,1,CA,
900094,2022-02-24 20:00:00,2022-02-26 20:00:00,69052,Customer_94,1153,11,2,CO,EL03,SN100094,75.62,28,2091.03,1,0,OH,PO200094
900095,2022-02-25 10:00:00,2022-02-27 10:00:00,79110,Customer_95,1152,11,2,CR,CO01,SN100095,23.23,7,162.56,0,0,FL,
900096,2022-02-26 00:00:00,2022-02-28 00:00:00,27790,Customer_96,1151,12,3,FO,FO02,SN100096,88.1,1,76.92,0,0,TX,
900097,2022-02-26 14:00:00,2022-02-28 14:00:00,93161,Customer_97,1150,11,1,AE,CR04,SN100097,135.86,14,1862.97,0,1,FL,PO200097
900098,2022-02-27 04:00:00,2022-03-01 04:00:00,15206,Customer_98,1152,11,3,AE,EL03,SN100098,57.82,14,720.35,0,0,FL,PO200098
900099,2022-02-27 18:00:00,2022-03-01 18:00:00,95053,Customer_99,1152,13,2,EL,EL03,SN100099,104.9,90,8861.19,0,0,TX,PO200099
900100,2022-02-28 08:00:00,2022-03-02 08:00:00,59950,Customer_100,1154,13,1,FO,CR04,SN100100,82.87,14,1074.14,0,0,CA,PO200100
900101,2022-02-28 22:00:00,2022-03-02 22:00:00,66361,Customer_101,1153,13,1,CO,CR04,SN100101,43.58,7,260.12,0,1,CA,
900102,2022-03-01 12:00:00,2022-03-03 12:00:00,71451,Customer_102,1150,12,1,CO,CR04,SN100102,31.79,7,220.26,0,1,TX,PO200102
900103,2022-03-02 02:00:00,2022-03-04 02:00:00,47696,Customer_103,1152,12,3,FO,AE01,SN100103,35.06,90,2719.35,0,0,NY,PO200103
900104,2022-03-02 16:00:00,2022-03-04 16:00:00,91641,Customer_104,1154,13,1,CO,FO02,SN100104,81.86,14,1092.46,0,1,FL,PO200104
900105,2022-03-03 06:00:00,2022-03-05 06:00:00,78226,Customer_105,1150,13,3,EL,AE01,SN100105,64.12,14,868.68,0,0,OH,PO200105
900106,2022-03-03 20:00:00,2022-03-05 20:00:00,56728,Customer_106,1153,11,3,CR,FO02,SN100106,162.81,3,473.42,0,0,CA,PO200106
900107,2022-03-04 10:00:00,2022-03-06 10:00:00,65401,Customer_107,1152,11,2,AE,AE01,SN100107,116.0,14,1413.43,1,1,OH,PO200107
900108,2022-03-05 00:00:00,2022-03-07 00:00:00,76226,Customer_108,1152,12,2,FO,CO01,SN100108,115.83,28,2974.57,1,1,TX,
900109,2022-03-05 14:00:00,2022-03-07 14:00:00,35103,Customer_109,1152,12,1,AE,FO02,SN100109,80.17,7,546.84,0,1,OH,
900110,2022-03-06 04:00:00,2022-03-08 04:00:00,44263,Customer_110,1150,11,1,CR,EL03,SN100110,34.0,7,213.13,0,0,OH,PO200110
900111,2022-03-06 18:00:00,2022-03-08 18:00:00,86621,Customer_111,1150,13,2,FO,FO02,SN100111,83.74,3,231.17,0,1,FL,
900112,2022-03-07 08:00:00,2022-03-09 08:00:00,60044,Customer_112,1150,11,3,CR,FO02,SN100112,69.73,3,186.38,0,1,TX,PO200112
900113,2022-03-07 22:00:00,2022-03-09 22:00:00,67730,Customer_113,1150,12,3,CO,FO02,SN100113,30.06,1,27.64,1,1,OH,PO200113
900114,2022-03-08 12:00:00,2022-03-10 12:00:00,35825,Customer_114,1154,12,2,CO,CO01,SN100114,155.55,3,458.8,1,0,CA,
900115,2022-03-09 02:00:00,2022-03-11 02:00:00,86256,Customer_115,1151,11,3,CO,AE01,SN100115,144.26,14,1854.54,0,1,TX,PO200115
900116,2022-03-09 16:00:00,2022-03-11 16:00:00,47271,Customer_116,1154,11,2,CR,EL03,SN100116,29.94,1,27.94,1,1,CA,
900117,2022-03-10 06:00:00,2022-03-12 06:00:00,87256,Customer_117,1152,11,2,CR,AE01,SN100117,42.67,3,116.57,1,1,NY,PO200117
900118,2022-03-10 20:00:00,2022-03-12 20:00:00,56732,Customer_118,1154,12,1,CR,AE01,SN100118,45.38,60,2502.21,1,0,OH,PO200118
900119,2022-03-11 10:00:00,2022-03-13 10:00:00,76433,Customer_119,1153,13,1,AE,CR04,SN100119,102.2,14,1219.39,0,1,TX,PO200119
900120,2022-03-12 00:00:00,2022-03-14 00:00:00,92630,Customer_120,1150,11,2,CR,CO01,SN100120,94.28,14,1178.16,0,0,CA,PO200120
900121,2022-03-12 14:00:00,2022-03-14 14:00:00,33572,Customer_121,1153,12,1,CO,CR04,SN100121,68.79,7,440.85,0,1,OH,
900122,2022-03-13 04:00:00,2022-03-15 04:00:00,48546,Customer_122,1153,12,2,EL,CO01,SN100122,80.78,14,1068.77,0,0,FL,PO200122
900123,2022-03-13 18:00:00,2022-03-15 18:00:00,25150,Customer_123,1152,12,3,CR,AE01,SN100123,27.08,3,74.53,0,1,CA,PO200123
900124,2022-03-14 08:00:00,2022-03-16 08:00:00,64165,Customer_124,1150,11,3,EL,AE01,SN100124,87.09,28,2196.33,1,0,CA,PO200124
900125,2022-03-14 22:00:00,2022-03-16 22:00:00,73690,Customer_125,1153,11,3,CO,CO01,SN100125,62.14,1,56.44,0,0,NY,PO200125
900126,2022-03-15 12:00:00,2022-03-17 12:00:00,63664,Customer_126,1152,13,3,CR,AE01,SN100126,41.46,14,514.44,1,0,FL,PO200126
900127,2022-03-16 02:00:00,2022-03-18 02:00:00,92335,Customer_127,1150,12,2,AE,AE01,SN100127,22.81,7,157.87,0,0,NY,PO200127
900128,2022-03-16 16:00:00,2022-03-18 16:00:00,85199,Customer_128,1151,11,3,AE,EL03,SN100128,67.96,14,883.14,0,1,FL,PO200128
900129,2022-03-17 06:00:00,2022-03-19 06:00:00,46948,Customer_129,1152,12,3,EL,CR04,SN100129,85.62,7,510.62,1,1,CA,
900130,2022-03-17 20:00:00,2022-03-19 20:00:00,47030,Customer_130,1154,12,3,AE,CR04,SN100130,20.25,7,120.91,0,1,NY,PO200130
900131,2022-03-18 10:00:00,2022-03-20 10:00:00,37007,Customer_131,1150,13,3,AE,CR04,SN100131,67.55,3,201.84,0,0,OH,PO200131
900132,2022-03-19 00:00:00,2022-03-21 00:00:00,86772,Customer_132,1153,11,2,AE,FO02,SN100132,72.64,14,898.24,1,1,FL,PO200132
900133,2022-03-19 14:00:00,2022-03-21 14:00:00,32024,Customer_133,1153,11,3,CO,EL03,SN100133,45.24,90,3953.11,1,1,CA,
900134,2022-03-20 04:00:00,2022-03-22 04:00:00,49384,Customer_134,1154,12,1,AE,CR04,SN100134,87.0,28,2091.85,0,1,TX,PO200134
900135,2022-03-20 18:00:00,2022-03-22 18:00:00,92912,Customer_135,1154,12,1,FO,CR04,SN100135,60.77,1,60.05,1,1,FL,
900136,2022-03-21 08:00:00,2022-03-23 08:00:00,28157,Customer_136,1153,13,1,CR,EL03,SN100136,81.31,7,558.42,0,1,FL,PO200136
900137,2022-03-21 22:00:00,2022-03-23 22:00:00,95481,Customer_137,1150,13,1,AE,AE01,SN100137,96.93,60,5441.55,1,1,OH,PO200137
900138,2022-03-22 12:00:00,2022-03-24 12:00:00,98553,Customer_138,1152,13,1,AE,CR04,SN100138,96.97,7,577.87,1,1,FL,PO200138
900139,2022-03-23 02:00:00,2022-03-25 02:00:00,11756,Customer_139,1154,13,1,AE,AE01,SN100139,135.88,14,1690.54,0,0,FL,PO200139
900140,2022-03-23 16:00:00,2022-03-25 16:00:00,78112,Customer_140,1154,13,2,FO,CR04,SN100140,84.51,60,4619.24,0,0,OH,
900141,2022-03-24 06:00:00,2022-03-26 06:00:00,68051,Customer_141,1154,13,1,AE,CO01,SN100141,47.75,60,2633.21,0,1,OH,
900142,2022-03-24 20:00:00,2022-03-26 20:00:00,74595,Customer_142,1151,12,3,AE,FO02,SN100142,42.37,7,265.37,0,1,NY,PO200142
900143,2022-03-25 10:00:00,2022-03-27 10:00:00,88210,Customer_143,1150,13,1,CR,CR04,SN100143,31.68,7,189.59,1,0,CA,
900144,2022-03-26 00:00:00,2022-03-28 00:00:00,53094,Customer_144,1150,12,2,FO,CO01,SN100144,74.13,7,487.01,0,0,CA,PO200144
900145,2022-03-26 14:00:00,2022-03-28 14:00:00,97889,Customer_145,1150,12,1,FO,EL03,SN100145,168.16,14,2186.21,1,1,NY,
900146,2022-03-27 04:00:00,2022-03-29 04:00:00,14535,Customer_146,1150,11,3,AE,CO01,SN100146,51.89,3,138.92,1,1,CA,PO200146
900147,2022-03-27 18:00:00,2022-03-29 18:00:00,66035,Customer_147,1150,12,3,FO,EL03,SN100147,91.35,3,234.51,1,0,FL,PO200147
900148,2022-03-28 08:00:00,2022-03-30 08:00:00,57367,Customer_148,1153,12,2,EL,CR04,SN100148,39.39,7,275.48,1,1,NY,PO200148
900149,2022-03-28 22:00:00,2022-03-30 22:00:00,27118,Customer_149,1154,13,2,FO,EL03,SN100149,76.43,3,211.47,0,1,NY,PO200149
900150,2022-03-29 12:00:00,2022-03-31 12:00:00,69812,Customer_150,1153,12,2,FO,CO01,SN100150,161.02,14,2171.81,0,1,CA,PO200150
900151,2022-03-30 02:00:00,2022-04-01 02:00:00,69884,Customer_151,1151,13,2,FO,FO02,SN100151,107.81,14,1385.35,0,0,TX,PO200151
900152,2022-03-30 16:00:00,2022-04-01 16:00:00,76168,Customer_152,1152,13,1,CO,AE01,SN100152,22.21,7,133.14,0,1,CA,PO200152
900153,2022-03-31 06:00:00,2022-04-02 06:00:00,23280,Customer_153,1154,13,1,CO,AE01,SN100153,99.43,7,623.95,0,1,TX,PO200153
900154,2022-03-31 20:00:00,2022-04-02 20:00:00,24746,Customer_154,1151,11,3,CO,FO02,SN100154,102.65,60,5531.07,0,0,NY,PO200154
900155,2022-04-01 10:00:00,2022-04-03 10:00:00,63251,Customer_155,1153,13,2,FO,AE01,SN100155,75.3,1,73.47,0,1,TX,PO200155
900156,2022-04-02 00:00:00,2022-04-04 00:00:00,94821,Customer_156,1152,12,2,EL,CR04,SN100156,106.41,28,2824.85,1,0,FL,PO200156
900157,2022-04-02 14:00:00,2022-04-04 14:00:00,93583,Customer_157,1151,13,1,FO,CR04,SN100157,37.21,60,1989.89,1,0,OH,
900158,2022-04-03 04:00:00,2022-04-05 04:00:00,20207,Customer_158,1152,13,2,AE,CO01,SN100158,69.71,7,485.58,0,1,TX,PO200158
900159,2022-04-03 18:00:00,2022-04-05 18:00:00,81127,Customer_159,1151,13,3,EL,CO01,SN100159,145.06,14,1824.12,0,0,OH,PO200159
900160,2022-04-04 08:00:00,2022-04-06 08:00:00,37757,Customer_160,1153,11,3,CO,EL03,SN100160,136.18,90,12252.8,0,0,FL,
900161,2022-04-04 22:00:00,2022-04-06 22:00:00,26226,Customer_161,1152,12,2,CR,CO01,SN100161,97.87,3,293.44,0,1,OH,
900162,2022-04-05 12:00:00,2022-04-07 12:00:00,71407,Customer_162,1151,11,3,EL,CR04,SN100162,35.94,7,221.07,1,0,FL,PO200162
900163,2022-04-06 02:00:00,2022-04-08 02:00:00,37206,Customer_163,1153,12,3,CO,CO01,SN100163,32.19,7,202.1,0,1,OH,PO200163
900164,2022-04-06 16:00:00,2022-04-08 16:00:00,30256,Customer_164,1154,11,1,EL,AE01,SN100164,72.25,3,200.05,1,1,OH,PO200164
900165,2022-04-07 06:00:00,2022-04-09 06:00:00,43822,Customer_165,1153,12,3,EL,EL03,SN100165,75.68,28,2012.33,0,0,CA,PO200165
900166,2022-04-07 20:00:00,2022-04-09 20:00:00,51340,Customer_166,1153,11,2,FO,EL03,SN100166,62.16,60,3465.67,0,0,TX,PO200166
900167,2022-04-08 10:00:00,2022-04-10 10:00:00,62234,Customer_167,1154,13,2,AE,CR04,SN100167,37.96,28,1058.13,0,1,OH,PO200167
900168,2022-04-09 00:00:00,2022-04-11 00:00:00,53351,Customer_168,1153,11,3,CR,CO01,SN100168,90.55,3,260.4,0,1,NY,
900169,2022-04-09 14:00:00,2022-04-11 14:00:00,58671,Customer_169,1154,11,2,CO,AE01,SN100169,72.03,1,63.52,0,0,CA,PO200169
900170,2022-04-10 04:00:00,2022-04-12 04:00:00,85320,Customer_170,1154,13,1,EL,CO01,SN100170,81.69,14,990.09,1,0,TX,
900171,2022-04-10 18:00:00,2022-04-12 18:00:00,45157,Customer_171,1154,13,3,CR,FO02,SN100171,101.03,1,96.31,1,1,CA,
900172,2022-04-11 08:00:00,2022-04-13 08:00:00,29937,Customer_172,1151,12,3,EL,CO01,SN100172,55.06,14,673.55,0,0,TX,
900173,2022-04-11 22:00:00,2022-04-13 22:00:00,64290,Customer_173,1152,12,3,AE,CR04,SN100173,47.36,7,320.99,1,1,FL,PO200173
900174,2022-04-12 12:00:00,2022-04-14 12:00:00,56707,Customer_174,1151,12,2,CR,CO01,SN100174,144.79,14,1817.6,0,1,OH,
900175,2022-04-13 02:00:00,2022-04-15 02:00:00,21219,Customer_175,1154,11,2,CO,EL03,SN100175,39.25,14,493.97,1,1,NY,
900176,2022-04-13 16:00:00,2022-04-15 16:00:00,19399,Customer_176,1152,12,3,EL,AE01,SN100176,48.02,7,286.25,0,0,CA,PO200176
900177,2022-04-14 06:00:00,2022-04-16 06:00:00,37657,Customer_177,1152,11,2,AE,CR04,SN100177,158.22,3,453.37,1,0,CA,
900178,2022-04-14 20:00:00,2022-04-16 20:00:00,30047,Customer_178,1154,11,2,CR,FO02,SN100178,45.47,7,275.96,0,1,CA,PO200178
900179,2022-04-15 10:00:00,2022-04-17 10:00:00,86095,Customer_179,1152,12,3,EL,AE01,SN100179,62.24,7,420.82,0,0,CA,PO200179
900180,2022-04-16 00:00:00,2022-04-18 00:00:00,95693,Customer_180,1152,12,3,EL,AE01,SN100180,49.98,14,646.39,0,0,OH,PO200180
900181,2022-04-16 14:00:00,2022-04-18 14:00:00,82154,Customer_181,1151,11,2,CO,EL03,SN100181,20.0,28,541.88,0,1,TX,
900182,2022-04-17 04:00:00,2022-04-19 04:00:00,54891,Customer_182,1152,13,3,AE,EL03,SN100182,61.17,28,1605.91,0,0,OH,
900183,2022-04-17 18:00:00,2022-04-19 18:00:00,16780,Customer_183,1154,13,3,FO,EL03,SN100183,32.87,90,2551.15,0,1,FL,PO200183
900184,2022-04-18 08:00:00,2022-04-20 08:00:00,37050,Customer_184,1150,11,3,EL,CR04,SN100184,79.69,3,230.68,1,1,OH,
900185,2022-04-18 22:00:00,2022-04-20 22:00:00,83551,Customer_185,1150,12,3,CR,CO01,SN100185,144.6,1,124.42,1,1,OH,PO200185
900186,2022-04-19 12:00:00,2022-04-21 12:00:00,78666,Customer_186,1150,11,2,CO,AE01,SN100186,20.0,7,129.05,1,1,FL,
900187,2022-04-20 02:00:00,2022-04-22 02:00:00,92016,Customer_187,1154,11,3,CO,CO01,SN100187,50.16,14,615.02,1,1,OH,PO200187
900188,2022-04-20 16:00:00,2022-04-22 16:00:00,63010,Customer_188,1150,12,1,EL,CO01,SN100188,91.53,7,616.88,1,0,TX,PO200188
900189,2022-04-21 06:00:00,2022-04-23 06:00:00,48165,Customer_189,1151,13,3,EL,EL03,SN100189,20.0,28,552.57,0,0,NY,PO200189
900190,2022-04-21 20:00:00,2022-04-23 20:00:00,21528,Customer_190,1154,11,1,EL,CO01,SN100190,169.93,7,1109.95,0,1,FL,PO200190
900191,2022-04-22 10:00:00,2022-04-24 10:00:00,59608,Customer_191,1154,13,3,FO,AE01,SN100191,87.0,60,4849.84,1,1,CA,PO200191
900192,2022-04-23 00:00:00,2022-04-25 00:00:00,15914,Customer_192,1154,13,1,EL,AE01,SN100192,142.34,90,12357.41,1,0,TX,PO200192
900193,2022-04-23 14:00:00,2022-04-25 14:00:00,47136,Customer_193,1152,12,1,AE,FO02,SN100193,44.94,1,38.23,0,1,NY,PO200193
900194,2022-04-24 04:00:00,2022-04-26 04:00:00,21179,Customer_194,1152,11,3,CR,CR04,SN100194,48.9,7,338.04,0,1,TX,PO200194
900195,2022-04-24 18:00:00,2022-04-26 18:00:00,96008,Customer_195,1152,11,3,EL,CO01,SN100195,59.58,14,733.72,0,0,TX,
900196,2022-04-25 08:00:00,2022-04-27 08:00:00,22076,Customer_196,1153,13,3,FO,CR04,SN100196,297.9,3,891.56,1,1,CA,
900197,2022-04-25 22:00:00,2022-04-27 22:00:00,34783,Customer_197,1151,13,1,CR,CR04,SN100197,167.78,7,1128.02,0,0,NY,PO200197
900198,2022-04-26 12:00:00,2022-04-28 12:00:00,56716,Customer_198,1154,12,2,CO,CR04,SN100198,73.16,14,989.55,1,1,TX,
900199,2022-04-27 02:00:00,2022-04-29 02:00:00,60298,Customer_199,1154,13,2,EL,CR04,SN100199,79.68,3,226.73,1,1,CA,PO200199
900200,2022-04-27 16:00:00,2022-04-29 16:00:00,64304,Customer_0,1152,12,3,CR,AE01,SN100200,104.0,14,1340.67,0,0,FL,
900201,2022-04-28 06:00:00,2022-04-30 06:00:00,89360,Customer_1,1154,11,2,CO,CO01,SN100201,355.7,14,4659.82,0,0,CA,PO200201
900202,2022-04-28 20:00:00,2022-04-30 20:00:00,79835,Customer_2,1154,12,2,FO,FO02,SN100202,87.17,1,74.7,0,1,OH,
900203,2022-04-29 10:00:00,2022-05-01 10:00:00,18118,Customer_3,1150,13,3,AE,CR04,SN100203,68.87,7,454.87,0,1,CA,PO200203
900204,2022-04-30 00:00:00,2022-05-02 00:00:00,86292,Customer_4,1154,11,1,EL,FO02,SN100204,52.61,3,148.99,0,1,CA,
900205,2022-04-30 14:00:00,2022-05-02 14:00:00,66911,Customer_5,1153,12,3,AE,AE01,SN100205,78.61,14,1082.52,1,0,CA,
900206,2022-05-01 04:00:00,2022-05-03 04:00:00,83489,Customer_6,1152,11,2,FO,AE01,SN100206,44.22,3,122.81,0,0,TX,
900207,2022-05-01 18:00:00,2022-05-03 18:00:00,25185,Customer_7,1151,12,1,CR,EL03,SN100207,94.37,60,4878.59,0,0,NY,PO200207
900208,2022-05-02 08:00:00,2022-05-04 08:00:00,51792,Customer_8,1151,13,2,CR,CR04,SN100208,24.46,7,153.42,0,1,CA,
900209,2022-05-02 22:00:00,2022-05-04 22:00:00,90210,Customer_9,1150,13,1,FO,EL03,SN100209,55.57,3,158.1,1,0,CA,PO200209
900210,2022-05-03 12:00:00,2022-05-05 12:00:00,60613,Customer_10,1151,11,2,FO,FO02,SN100210,111.52,7,691.59,0,0,OH,
900211,2022-05-04 02:00:00,2022-05-06 02:00:00,43927,Customer_11,1151,11,3,EL,CO01,SN100211,86.35,7,539.21,1,1,OH,
900212,2022-05-04 16:00:00,2022-05-06 16:00:00,10386,Customer_12,1152,11,2,CO,EL03,SN100212,48.24,7,328.58,0,1,FL,PO200212
900213,2022-05-05 06:00:00,2022-05-07 06:00:00,82728,Customer_13,1152,12,2,AE,AE01,SN100213,56.69,14,744.16,0,0,FL,PO200213
900214,2022-05-05 20:00:00,2022-05-07 20:00:00,86281,Customer_14,1153,13,1,AE,CR04,SN100214,137.65,7,892.53,0,1,OH,PO200214
900215,2022-05-06 10:00:00,2022-05-08 10:00:00,40020,Customer_15,1150,11,2,CR,FO02,SN100215,28.58,1,25.66,0,1,NY,PO200215
900216,2022-05-07 00:00:00,2022-05-09 00:00:00,52678,Customer_16,1151,11,3,CR,AE01,SN100216,28.7,1,27.54,0,0,FL,PO200216
900217,2022-05-07 14:00:00,2022-05-09 14:00:00,96695,Customer_17,1153,11,3,EL,CO01,SN100217,34.79,14,434.99,0,0,NY,PO200217
900218,2022-05-08 04:00:00,2022-05-10 04:00:00,71394,Customer_18,1150,12,3,FO,CR04,SN100218,66.19,14,890.11,0,0,OH,PO200218
900219,2022-05-08 18:00:00,2022-05-10 18:00:00,78945,Customer_19,1151,11,1,AE,CO01,SN100219,25.8,7,155.39,0,1,FL,PO200219
900220,2022-05-09 08:00:00,2022-05-11 08:00:00,66414,Customer_20,1151,11,1,EL,CO01,SN100220,129.94,28,3564.49,0,1,CA,PO200220
900221,2022-05-09 22:00:00,2022-05-11 22:00:00,64816,Customer_21,1152,12,2,CR,CR04,SN100221,34.92,7,226.08,1,0,OH,PO200221
900222,2022-05-10 12:00:00,2022-05-12 12:00:00,65918,Customer_22,1154,12,2,CR,CR04,SN100222,78.03,28,2000.74,0,0,FL,PO200222
900223,2022-05-11 02:00:00,2022-05-13 02:00:00,72694,Customer_23,1150,11,2,AE,CO01,SN100223,44.46,7,293.08,0,1,NY,
900224,2022-05-11 16:00:00,2022-05-13 16:00:00,39455,Customer_24,1151,11,1,CR,FO02,SN100224,63.7,1,60.11,1,1,NY,
900225,2022-05-12 06:00:00,2022-05-14 06:00:00,48735,Customer_25,1150,12,1,CR,CR04,SN100225,21.71,60,1132.88,1,1,FL,PO200225
900226,2022-05-12 20:00:00,2022-05-14 20:00:00,22109,Customer_26,1153,13,2,CO,AE01,SN100226,134.41,7,906.49,1,1,NY,PO200226
900227,2022-05-13 10:00:00,2022-05-15 10:00:00,55802,Customer_27,1153,12,1,FO,EL03,SN100227,34.02,28,849.1,0,1,FL,PO200227
900228,2022-05-14 00:00:00,2022-05-16 00:00:00,78020,Customer_28,1154,13,1,CR,FO02,SN100228,31.62,3,93.49,1,1,FL,
900229,2022-05-14 14:00:00,2022-05-16 14:00:00,44622,Customer_29,1151,11,3,CO,CR04,SN100229,352.59,14,4801.39,0,0,NY,PO200229
900230,2022-05-15 04:00:00,2022-05-17 04:00:00,12597,Customer_30,1152,11,3,EL,CR04,SN100230,98.3,60,5319.59,0,1,TX,
900231,2022-05-15 18:00:00,2022-05-17 18:00:00,50597,Customer_31,1151,13,2,CR,FO02,SN100231,130.8,1,127.03,1,0,CA,PO200231
900232,2022-05-16 08:00:00,2022-05-18 08:00:00,50954,Customer_32,1150,12,2,EL,EL03,SN100232,91.95,28,2326.0,0,1,OH,
900233,2022-05-16 22:00:00,2022-05-18 22:00:00,79519,Customer_33,1153,11,3,CR,CO01,SN100233,48.58,14,588.43,0,1,CA,PO200233
900234,2022-05-17 12:00:00,2022-05-19 12:00:00,66115,Customer_34,1150,13,1,AE,AE01,SN100234,26.71,14,371.86,0,1,OH,PO200234
900235,2022-05-18 02:00:00,2022-05-20 02:00:00,53151,Customer_35,1154,12,2,CO,CR04,SN100235,54.1,7,358.96,1,0,OH,
900236,2022-05-18 16:00:00,2022-05-20 16:00:00,27040,Customer_36,1153,13,2,CO,EL03,SN100236,33.63,60,1852.94,0,0,CA,PO200236
900237,2022-05-19 06:00:00,2022-05-21 06:00:00,54772,Customer_37,1152,12,2,AE,AE01,SN100237,35.07,1,31.9,0,0,FL,PO200237
900238,2022-05-19 20:00:00,2022-05-21 20:00:00,73832,Customer_38,1153,12,1,FO,FO02,SN100238,22.02,3,59.36,0,0,NY,
900239,2022-05-20 10:00:00,2022-05-22 10:00:00,37916,Customer_39,1151,12,3,CO,CR04,SN100239,72.25,60,4322.94,0,1,TX,PO200239
900240,2022-05-21 00:00:00,2022-05-23 00:00:00,54871,Customer_40,1151,12,2,EL,CO01,SN100240,200.62,28,4888.18,1,1,TX,PO200240
900241,2022-05-21 14:00:00,2022-05-23 14:00:00,36372,Customer_41,1153,13,3,CO,FO02,SN100241,98.56,1,88.43,0,0,TX,PO200241
900242,2022-05-22 04:00:00,2022-05-24 04:00:00,71707,Customer_42,1154,13,3,FO,CR04,SN100242,61.93,7,400.03,0,0,CA,
900243,2022-05-22 18:00:00,2022-05-24 18:00:00,49080,Customer_43,1151,13,1,EL,EL03,SN100243,64.82,7,418.21,1,1,CA,PO200243
900244,2022-05-23 08:00:00,2022-05-25 08:00:00,52722,Customer_44,1151,13,1,EL,AE01,SN100244,20.0,7,128.9,0,0,FL,PO200244
900245,2022-05-23 22:00:00,2022-05-25 22:00:00,39048,Customer_45,1152,13,1,AE,AE01,SN100245,49.57,3,130.32,0,1,TX,PO200245
900246,2022-05-24 12:00:00,2022-05-26 12:00:00,95205,Customer_46,1153,12,1,CR,CR04,SN100246,24.57,14,299.8,1,0,FL,PO200246
900247,2022-05-25 02:00:00,2022-05-27 02:00:00,19777,Customer_47,1151,11,1,AE,FO02,SN100247,73.27,3,195.23,0,0,TX,PO200247
900248,2022-05-25 16:00:00,2022-05-27 16:00:00,64711,Customer_48,1154,11,1,CR,CO01,SN100248,55.59,28,1536.58,0,0,CA,
900249,2022-05-26 06:00:00,2022-05-28 06:00:00,46331,Customer_49,1150,13,2,AE,EL03,SN100249,36.29,28,880.88,1,0,NY,
900250,2022-05-26 20:00:00,2022-05-28 20:00:00,30968,Customer_50,1153,13,3,CR,CR04,SN100250,72.12,7,486.47,1,1,NY,PO200250
900251,2022-05-27 10:00:00,2022-05-29 10:00:00,63969,Customer_51,1152,11,1,CO,EL03,SN100251,71.69,3,207.24,1,0,NY,PO200251
900252,2022-05-28 00:00:00,2022-05-30 00:00:00,21292,Customer_52,1151,12,2,EL,AE01,SN100252,193.07,3,562.67,1,1,NY,
900253,2022-05-28 14:00:00,2022-05-30 14:00:00,50794,Customer_53,1154,13,3,CR,CO01,SN100253,107.82,7,741.93,1,1,OH,
900254,2022-05-29 04:00:00,2022-05-31 04:00:00,89459,Customer_54,1153,12,1,CO,EL03,SN100254,77.62,14,966.61,1,0,TX,PO200254
900255,2022-05-29 18:00:00,2022-05-31 18:00:00,60192,Customer_55,1154,11,1,FO,CR04,SN100255,34.35,7,212.51,1,0,NY,PO200255
900256,2022-05-30 08:00:00,2022-06-01 08:00:00,37703,Customer_56,1154,11,2,AE,CO01,SN100256,31.46,14,405.08,0,1,OH,
900257,2022-05-30 22:00:00,2022-06-01 22:00:00,94193,Customer_57,1152,13,3,FO,FO02,SN100257,101.41,7,631.63,0,1,OH,
900258,2022-05-31 12:00:00,2022-06-02 12:00:00,79165,Customer_58,1153,12,1,CO,CR04,SN100258,57.97,7,389.63,1,1,OH,PO200258
900259,2022-06-01 02:00:00,2022-06-03 02:00:00,77650,Customer_59,1151,13,3,FO,EL03,SN100259,79.4,1,75.07,0,0,FL,PO200259
900260,2022-06-01 16:00:00,2022-06-03 16:00:00,66516,Customer_60,1152,11,2,FO,CO01,SN100260,132.24,1,129.76,0,0,FL,PO200260
900261,2022-06-02 06:00:00,2022-06-04 06:00:00,32257,Customer_61,1151,12,1,CO,CR04,SN100261,23.12,3,59.82,0,0,OH,PO200261
900262,2022-06-02 20:00:00,2022-06-04 20:00:00,93509,Customer_62,1150,13,3,EL,CO01,SN100262,177.31,7,1225.39,0,1,NY,PO200262
900263,2022-06-03 10:00:00,2022-06-05 10:00:00,61672,Customer_63,1154,13,2,CR,CO01,SN100263,131.44,28,3290.27,0,1,TX,PO200263
900264,2022-06-04 00:00:00,2022-06-06 00:00:00,73308,Customer_64,1150,13,2,AE,CO01,SN100264,20.0,28,517.22,1,1,CA,PO200264
900265,2022-06-04 14:00:00,2022-06-06 14:00:00,87583,Customer_65,1154,11,1,CR,EL03,SN100265,346.25,3,951.28,1,1,FL,
900266,2022-06-05 04:00:00,2022-06-07 04:00:00,32113,Customer_66,1152,13,3,AE,CR04,SN100266,83.51,3,241.52,1,0,NY,PO200266
900267,2022-06-05 18:00:00,2022-06-07 18:00:00,10694,Customer_67,1151,12,1,CR,AE01,SN100267,47.7,3,130.67,1,1,NY,PO200267
900268,2022-06-06 08:00:00,2022-06-08 08:00:00,25588,Customer_68,1151,13,1,FO,AE01,SN100268,95.9,7,665.64,0,1,CA,PO200268
900269,2022-06-06 22:00:00,2022-06-08 22:00:00,71756,Customer_69,1152,11,3,EL,EL03,SN100269,33.64,7,232.05,0,0,CA,PO200269
900270,2022-06-07 12:00:00,2022-06-09 12:00:00,74085,Customer_70,1153,13,3,FO,EL03,SN100270,97.74,7,671.05,0,1,NY,PO200270
900271,2022-06-08 02:00:00,2022-06-10 02:00:00,71142,Customer_71,1150,11,3,EL,CO01,SN100271,38.27,3,98.8,0,1,CA,PO200271
900272,2022-06-08 16:00:00,2022-06-10 16:00:00,74373,Customer_72,1150,11,2,CO,CR04,SN100272,274.31,1,268.31,0,1,NY,
900273,2022-06-09 06:00:00,2022-06-11 06:00:00,95603,Customer_73,1151,12,2,AE,CR04,SN100273,69.55,1,67.27,0,1,CA,PO200273
900274,2022-06-09 20:00:00,2022-06-11 20:00:00,16704,Customer_74,1151,12,3,AE,FO02,SN100274,105.1,3,272.89,0,0,CA,PO200274
900275,2022-06-10 10:00:00,2022-06-12 10:00:00,50136,Customer_75,1151,13,2,CO,FO02,SN100275,38.47,14,466.41,0,1,NY,PO200275
900276,2022-06-11 00:00:00,2022-06-13 00:00:00,77507,Customer_76,1152,11,1,CR,AE01,SN100276,118.1,3,306.54,1,0,OH,PO200276
900277,2022-06-11 14:00:00,2022-06-13 14:00:00,57361,Customer_77,1153,11,3,CO,FO02,SN100277,66.1,7,394.09,0,1,NY,PO200277
900278,2022-06-12 04:00:00,2022-06-14 04:00:00,68847,Customer_78,1150,12,1,CO,FO02,SN100278,24.82,14,323.97,0,0,TX,PO200278
900279,2022-06-12 18:00:00,2022-06-14 18:00:00,21441,Customer_79,1154,12,3,EL,AE01,SN100279,56.42,60,3371.83,0,1,CA,
900280,2022-06-13 08:00:00,2022-06-15 08:00:00,24677,Customer_80,1152,13,1,CO,AE01,SN100280,257.7,60,14159.88,0,1,FL,
900281,2022-06-13 22:00:00,2022-06-15 22:00:00,37818,Customer_81,1150,11,3,AE,FO02,SN100281,121.67,14,1586.0,0,1,CA,PO200281
900282,2022-06-14 12:00:00,2022-06-16 12:00:00,11868,Customer_82,1153,12,1,FO,CR04,SN100282,51.15,1,50.9,0,0,TX,PO200282
900283,2022-06-15 02:00:00,2022-06-17 02:00:00,93591,Customer_83,1152,13,3,EL,FO02,SN100283,20.0,14,248.72,0,0,FL,PO200283
900284,2022-06-15 16:00:00,2022-06-17 16:00:00,77264,Customer_84,1150,11,3,EL,CO01,SN100284,37.24,28,1020.45,1,1,FL,PO200284
900285,2022-06-16 06:00:00,2022-06-18 06:00:00,83168,Customer_85,1152,11,2,CR,CO01,SN100285,24.91,1,23.22,0,1,NY,
900286,2022-06-16 20:00:00,2022-06-18 20:00:00,22043,Customer_86,1150,12,1,FO,CO01,SN100286,20.0,7,130.96,1,1,OH,PO200286
900287,2022-06-17 10:00:00,2022-06-19 10:00:00,81939,Customer_87,1150,13,2,EL,EL03,SN100287,115.57,28,2917.25,1,0,NY,
900288,2022-06-18 00:00:00,2022-06-20 00:00:00,25732,Customer_88,1153,12,1,CO,CO01,SN100288,69.66,7,455.57,0,1,FL,PO200288
900289,2022-06-18 14:00:00,2022-06-20 14:00:00,65244,Customer_89,1154,13,2,EL,CR04,SN100289,234.29,1,201.72,1,1,FL,PO200289
900290,2022-06-19 04:00:00,2022-06-21 04:00:00,28526,Customer_90,1153,11,3,EL,EL03,SN100290,33.17,1,32.0,0,1,OH,PO200290
900291,2022-06-19 18:00:00,2022-06-21 18:00:00,19340,Customer_91,1150,13,2,EL,EL03,SN100291,66.58,7,416.05,0,1,CA,
900292,2022-06-20 08:00:00,2022-06-22 08:00:00,32394,Customer_92,1152,13,2,CR,CO01,SN100292,25.13,3,74.12,0,1,OH,
900293,2022-06-20 22:00:00,2022-06-22 22:00:00,14102,Customer_93,1153,13,3,EL,FO02,SN100293,43.97,14,557.25,1,0,NY,PO200293
900294,2022-06-21 12:00:00,2022-06-23 12:00:00,29159,Customer_94,1154,13,2,EL,AE01,SN100294,57.08,14,696.42,0,0,CA,PO200294
900295,2022-06-22 02:00:00,2022-06-24 02:00:00,75092,Customer_95,1150,13,3,CR,FO02,SN100295,51.3,3,146.89,1,1,NY,PO200295
900296,2022-06-22 16:00:00,2022-06-24 16:00:00,16212,Customer_96,1153,12,1,FO,FO02,SN100296,69.23,60,3633.43,1,0,OH,
900297,2022-06-23 06:00:00,2022-06-25 06:00:00,47405,Customer_97,1153,13,2,AE,EL03,SN100297,131.65,7,887.48,1,1,CA,PO200297
900298,2022-06-23 20:00:00,2022-06-25 20:00:00,87061,Customer_98,1153,13,3,CR,EL03,SN100298,122.3,1,121.72,0,1,OH,PO200298
900299,2022-06-24 10:00:00,2022-06-26 10:00:00,65186,Customer_99,1153,11,3,CR,EL03,SN100299,38.92,28,1053.68,1,1,TX,PO200299
900300,2022-06-25 00:00:00,2022-06-27 00:00:00,54239,Customer_100,1152,13,2,EL,CR04,SN100300,65.28,28,1559.92,0,1,FL,PO200300
900301,2022-06-25 14:00:00,2022-06-27 14:00:00,20532,Customer_101,1154,11,1,EL,CR04,SN100301,116.26,14,1530.01,0,0,CA,
900302,2022-06-26 04:00:00,2022-06-28 04:00:00,89054,Customer_102,1154,12,2,AE,AE01,SN100302,137.69,28,3679.22,1,0,FL,PO200302
900303,2022-06-26 18:00:00,2022-06-28 18:00:00,82012,Customer_103,1150,12,3,EL,EL03,SN100303,41.98,14,572.33,1,1,TX,PO200303
900304,2022-06-27 08:00:00,2022-06-29 08:00:00,95279,Customer_104,1151,13,1,CO,CO01,SN100304,109.48,60,5638.51,0,0,CA,PO200304
900305,2022-06-27 22:00:00,2022-06-29 22:00:00,76540,Customer_105,1152,12,2,EL,EL03,SN100305,84.08,7,542.68,0,1,FL,PO200305
900306,2022-06-28 12:00:00,2022-06-30 12:00:00,13271,Customer_106,1150,13,3,EL,CR04,SN100306,31.62,14,411.84,0,1,FL,PO200306
900307,2022-06-29 02:00:00,2022-07-01 02:00:00,55482,Customer_107,1150,12,2,CO,EL03,SN100307,116.76,180,18397.27,0,0,CA,
900308,2022-06-29 16:00:00,2022-07-01 16:00:00,10209,Customer_108,1153,13,1,AE,CR04,SN100308,74.15,14,932.59,0,0,FL,PO200308
900309,2022-06-30 06:00:00,2022-07-02 06:00:00,15539,Customer_109,1151,13,1,CO,EL03,SN100309,20.0,1,18.32,0,1,FL,PO200309
900310,2022-06-30 20:00:00,2022-07-02 20:00:00,29977,Customer_110,1151,11,1,CR,CO01,SN100310,54.29,7,370.51,0,1,CA,PO200310
900311,2022-07-01 10:00:00,2022-07-03 10:00:00,84142,Customer_111,1152,11,1,CO,AE01,SN100311,68.57,14,949.86,1,0,FL,
900312,2022-07-02 00:00:00,2022-07-04 00:00:00,78684,Customer_112,1151,11,1,FO,CO01,SN100312,43.64,3,123.62,0,1,FL,PO200312
900313,2022-07-02 14:00:00,2022-07-04 14:00:00,15607,Customer_113,1150,11,2,CR,CR04,SN100313,157.55,90,12892.81,1,1,NY,
900314,2022-07-03 04:00:00,2022-07-05 04:00:00,95122,Customer_114,1151,13,1,EL,FO02,SN100314,161.6,3,430.55,1,1,NY,
900315,2022-07-03 18:00:00,2022-07-05 18:00:00,61939,Customer_115,1151,12,1,CR,CO01,SN100315,51.02,3,152.66,0,0,TX,PO200315
900316,2022-07-04 08:00:00,2022-07-06 08:00:00,28594,Customer_116,1154,13,3,AE,EL03,SN100316,47.25,60,2827.75,0,0,NY,PO200316
900317,2022-07-04 22:00:00,2022-07-06 22:00:00,68382,Customer_117,1150,11,1,AE,AE01,SN100317,60.83,7,421.04,0,1,NY,PO200317
900318,2022-07-05 12:00:00,2022-07-07 12:00:00,17399,Customer_118,1151,11,3,CO,EL03,SN100318,57.97,1,56.11,1,1,TX,PO200318
900319,2022-07-06 02:00:00,2022-07-08 02:00:00,35117,Customer_119,1151,12,3,CR,EL03,SN100319,44.05,14,554.29,0,1,FL,PO200319
900320,2022-07-06 16:00:00,2022-07-08 16:00:00,43617,Customer_120,1153,11,3,EL,CO01,SN100320,20.0,14,272.31,0,1,FL,PO200320
900321,2022-07-07 06:00:00,2022-07-09 06:00:00,17498,Customer_121,1151,13,2,AE,AE01,SN100321,227.78,1,207.58,0,1,NY,PO200321
900322,2022-07-07 20:00:00,2022-07-09 20:00:00,60624,Customer_122,1151,13,2,EL,FO02,SN100322,66.71,90,5397.27,0,0,TX,
900323,2022-07-08 10:00:00,2022-07-10 10:00:00,19628,Customer_123,1154,13,3,FO,EL03,SN100323,58.86,7,396.26,0,1,FL,PO200323
900324,2022-07-09 00:00:00,2022-07-11 00:00:00,10329,Customer_124,1150,13,2,AE,AE01,SN100324,83.73,14,1010.41,1,1,OH,PO200324
900325,2022-07-09 14:00:00,2022-07-11 14:00:00,48619,Customer_125,1152,13,1,CO,FO02,SN100325,63.05,7,378.37,0,0,CA,PO200325
900326,2022-07-10 04:00:00,2022-07-12 04:00:00,17032,Customer_126,1150,12,2,FO,EL03,SN100326,49.34,14,633.59,1,0,CA,PO200326
900327,2022-07-10 18:00:00,2022-07-12 18:00:00,58094,Customer_127,1153,13,1,CR,AE01,SN100327,32.98,3,90.73,1,1,CA,
900328,2022-07-11 08:00:00,2022-07-13 08:00:00,48034,Customer_128,1150,11,1,EL,CO01,SN100328,20.0,3,59.06,0,0,NY,PO200328
900329,2022-07-11 22:00:00,2022-07-13 22:00:00,96158,Customer_129,1151,11,2,AE,EL03,SN100329,25.84,7,157.17,0,0,CA,
900330,2022-07-12 12:00:00,2022-07-14 12:00:00,65264,Customer_130,1153,11,2,FO,EL03,SN100330,30.52,28,742.14,1,1,CA,PO200330
900331,2022-07-13 02:00:00,2022-07-15 02:00:00,57850,Customer_131,1150,11,3,FO,AE01,SN100331,105.18,1,91.73,1,1,OH,
900332,2022-07-13 16:00:00,2022-07-15 16:00:00,14722,Customer_132,1153,12,2,AE,EL03,SN100332,110.75,14,1324.79,0,1,FL,PO200332
900333,2022-07-14 06:00:00,2022-07-16 06:00:00,27772,Customer_133,1152,11,2,CR,FO02,SN100333,35.97,28,866.97,1,1,OH,PO200333
900334,2022-07-14 20:00:00,2022-07-16 20:00:00,96105,Customer_134,1150,12,2,CR,EL03,SN100334,20.0,3,56.94,0,0,NY,PO200334
900335,2022-07-15 10:00:00,2022-07-17 10:00:00,51679,Customer_135,1151,11,1,CO,CR04,SN100335,67.11,1,61.39,0,0,CA,PO200335
900336,2022-07-16 00:00:00,2022-07-18 00:00:00,78771,Customer_136,1153,12,1,CR,FO02,SN100336,49.65,7,335.2,0,0,FL,PO200336
900337,2022-07-16 14:00:00,2022-07-18 14:00:00,14576,Customer_137,1154,12,1,CO,AE01,SN100337,48.79,14,682.36,0,0,CA,PO200337
900338,2022-07-17 04:00:00,2022-07-19 04:00:00,36707,Customer_138,1153,12,3,FO,FO02,SN100338,130.21,1,123.55,0,1,CA,PO200338
900339,2022-07-17 18:00:00,2022-07-19 18:00:00,51632,Customer_139,1154,11,3,AE,CR04,SN100339,73.48,7,441.12,0,1,NY,PO200339
900340,2022-07-18 08:00:00,2022-07-20 08:00:00,51476,Customer_140,1151,12,3,CR,CR04,SN100340,33.67,14,408.04,0,1,CA,PO200340
900341,2022-07-18 22:00:00,2022-07-20 22:00:00,40285,Customer_141,1152,13,1,CO,EL03,SN100341,28.66,14,394.08,0,0,TX,
900342,2022-07-19 12:00:00,2022-07-21 12:00:00,34154,Customer_142,1154,13,2,FO,EL03,SN100342,55.49,3,154.67,1,0,FL,PO200342
900343,2022-07-20 02:00:00,2022-07-22 02:00:00,30054,Customer_143,1152,11,3,CR,CO01,SN100343,35.36,7,241.0,1,1,FL,
900344,2022-07-20 16:00:00,2022-07-22 16:00:00,27165,Customer_144,1153,13,3,EL,FO02,SN100344,63.39,28,1736.77,0,1,TX,PO200344
900345,2022-07-21 06:00:00,2022-07-23 06:00:00,24439,Customer_145,1151,13,1,FO,CO01,SN100345,136.77,90,12175.74,0,0,NY,PO200345
900346,2022-07-21 20:00:00,2022-07-23 20:00:00,54518,Customer_146,1154,13,3,CR,CR04,SN100346,25.38,28,705.43,0,1,CA,PO200346
900347,2022-07-22 10:00:00,2022-07-24 10:00:00,98051,Customer_147,1153,11,2,FO,EL03,SN100347,70.91,14,926.48,0,0,CA,PO200347
900348,2022-07-23 00:00:00,2022-07-25 00:00:00,36962,Customer_148,1150,11,1,AE,EL03,SN100348,126.54,7,798.2,0,0,FL,PO200348
900349,2022-07-23 14:00:00,2022-07-25 14:00:00,63934,Customer_149,1153,13,1,AE,EL03,SN100349,62.78,7,436.96,0,1,NY,
900350,2022-07-24 04:00:00,2022-07-26 04:00:00,47763,Customer_150,1152,11,2,AE,AE01,SN100350,110.51,1,103.01,1,0,NY,PO200350
900351,2022-07-24 18:00:00,2022-07-26 18:00:00,74094,Customer_151,1151,12,2,EL,CR04,SN100351,54.54,1,46.88,1,1,NY,
900352,2022-07-25 08:00:00,2022-07-27 08:00:00,29464,Customer_152,1151,13,2,AE,EL03,SN100352,75.16,14,995.82,0,0,CA,PO200352
900353,2022-07-25 22:00:00,2022-07-27 22:00:00,52036,Customer_153,1153,11,3,EL,CR04,SN100353,90.79,3,255.52,1,0,NY,
900354,2022-07-26 12:00:00,2022-07-28 12:00:00,43270,Customer_154,1150,11,2,AE,EL03,SN100354,44.68,3,131.95,0,0,TX,PO200354
900355,2022-07-27 02:00:00,2022-07-29 02:00:00,52299,Customer_155,1152,13,1,FO,FO02,SN100355,268.67,180,45844.3,0,1,OH,PO200355
900356,2022-07-27 16:00:00,2022-07-29 16:00:00,95805,Customer_156,1153,11,2,CR,CR04,SN100356,99.91,3,270.47,1,1,NY,
900357,2022-07-28 06:00:00,2022-07-30 06:00:00,41541,Customer_157,1153,13,1,CR,CO01,SN100357,166.02,1,165.18,0,1,OH,PO200357
900358,2022-07-28 20:00:00,2022-07-30 20:00:00,83545,Customer_158,1151,11,1,AE,AE01,SN100358,141.13,1,136.94,0,1,CA,PO200358
900359,2022-07-29 10:00:00,2022-07-31 10:00:00,92543,Customer_159,1152,12,3,CR,CO01,SN100359,83.86,14,1108.9,1,1,NY,PO200359
900360,2022-07-30 00:00:00,2022-08-01 00:00:00,87078,Customer_160,1150,13,2,AE,CR04,SN100360,175.92,14,2201.72,1,0,FL,PO200360
900361,2022-07-30 14:00:00,2022-08-01 14:00:00,92970,Customer_161,1151,12,3,AE,EL03,SN100361,76.06,7,482.4,1,0,CA,
900362,2022-07-31 04:00:00,2022-08-02 04:00:00,39765,Customer_162,1153,13,2,CO,CR04,SN100362,40.01,7,266.21,1,0,TX,
900363,2022-07-31 18:00:00,2022-08-02 18:00:00,33769,Customer_163,1151,11,2,CO,AE01,SN100363,67.38,28,1624.06,1,0,TX,PO200363
900364,2022-08-01 08:00:00,2022-08-03 08:00:00,98001,Customer_164,1151,12,2,CO,CR04,SN100364,32.97,28,820.3,0,1,OH,PO200364
900365,2022-08-01 22:00:00,2022-08-03 22:00:00,97404,Customer_165,1154,11,2,EL,EL03,SN100365,20.0,90,1722.75,0,0,OH,PO200365
900366,2022-08-02 12:00:00,2022-08-04 12:00:00,30156,Customer_166,1151,13,2,CO,CO01,SN100366,36.72,28,947.87,0,0,FL,
900367,2022-08-03 02:00:00,2022-08-05 02:00:00,95836,Customer_167,1151,13,1,AE,FO02,SN100367,70.18,14,894.4,0,0,FL,
900368,2022-08-03 16:00:00,2022-08-05 16:00:00,60481,Customer_168,1152,13,1,FO,CO01,SN100368,140.24,3,367.17,0,1,TX,PO200368
900369,2022-08-04 06:00:00,2022-08-06 06:00:00,23435,Customer_169,1151,13,2,CO,EL03,SN100369,36.64,1,33.57,0,1,NY,
900370,2022-08-04 20:00:00,2022-08-06 20:00:00,79650,Customer_170,1150,13,1,CO,EL03,SN100370,135.25,1,130.6,0,1,TX,PO200370
900371,2022-08-05 10:00:00,2022-08-07 10:00:00,56336,Customer_171,1153,12,3,FO,AE01,SN100371,28.57,14,355.88,0,0,TX,
900372,2022-08-06 00:00:00,2022-08-08 00:00:00,46135,Customer_172,1152,13,3,AE,CR04,SN100372,35.03,28,834.62,1,0,FL,
900373,2022-08-06 14:00:00,2022-08-08 14:00:00,83631,Customer_173,1151,11,3,EL,CR04,SN100373,183.9,7,1223.31,0,0,OH,PO200373
900374,2022-08-07 04:00:00,2022-08-09 04:00:00,47909,Customer_174,1150,12,2,CO,CO01,SN100374,68.95,1,68.66,0,1,FL,PO200374
900375,2022-08-07 18:00:00,2022-08-09 18:00:00,79487,Customer_175,1153,11,2,FO,FO02,SN100375,59.05,7,389.0,1,0,FL,PO200375
900376,2022-08-08 08:00:00,2022-08-10 08:00:00,31468,Customer_176,1152,13,1,AE,FO02,SN100376,78.63,60,4094.76,1,1,FL,
900377,2022-08-08 22:00:00,2022-08-10 22:00:00,57655,Customer_177,1150,11,1,CR,AE01,SN100377,28.66,14,360.36,0,1,TX,PO200377
900378,2022-08-09 12:00:00,2022-08-11 12:00:00,44341,Customer_178,1151,12,1,EL,EL03,SN100378,52.9,28,1451.8,0,0,NY,PO200378
900379,2022-08-10 02:00:00,2022-08-12 02:00:00,74182,Customer_179,1154,12,3,FO,AE01,SN100379,66.81,28,1655.35,0,0,TX,PO200379
900380,2022-08-10 16:00:00,2022-08-12 16:00:00,61786,Customer_180,1154,12,3,FO,CR04,SN100380,157.9,60,8916.54,0,0,CA,PO200380
900381,2022-08-11 06:00:00,2022-08-13 06:00:00,78304,Customer_181,1152,11,3,FO,EL03,SN100381,20.71,28,527.97,0,1,FL,PO200381
900382,2022-08-11 20:00:00,2022-08-13 20:00:00,56514,Customer_182,1150,12,3,CO,AE01,SN100382,229.09,14,2826.1,0,1,FL,PO200382
900383,2022-08-12 10:00:00,2022-08-14 10:00:00,43979,Customer_183,1153,11,1,CR,CO01,SN100383,61.11,3,178.21,0,1,CA,PO200383
900384,2022-08-13 00:00:00,2022-08-15 00:00:00,90981,Customer_184,1150,13,2,EL,CR04,SN100384,30.65,1,29.47,0,1,FL,PO200384
900385,2022-08-13 14:00:00,2022-08-15 14:00:00,65107,Customer_185,1154,13,2,AE,FO02,SN100385,27.0,7,179.41,0,1,FL,
900386,2022-08-14 04:00:00,2022-08-16 04:00:00,11160,Customer_186,1152,11,3,AE,AE01,SN100386,80.74,1,71.49,1,1,FL,PO200386
900387,2022-08-14 18:00:00,2022-08-16 18:00:00,97897,Customer_187,1151,12,2,CR,CR04,SN100387,25.97,90,2021.04,1,0,CA,PO200387
900388,2022-08-15 08:00:00,2022-08-17 08:00:00,82577,Customer_188,1150,11,2,FO,CR04,SN100388,45.06,3,126.58,0,0,TX,PO200388
900389,2022-08-15 22:00:00,2022-08-17 22:00:00,94303,Customer_189,1154,11,2,FO,FO02,SN100389,55.98,28,1462.61,0,0,FL,PO200389
900390,2022-08-16 12:00:00,2022-08-18 12:00:00,20846,Customer_190,1153,11,3,FO,FO02,SN100390,148.5,7,912.94,0,1,NY,PO200390
900391,2022-08-17 02:00:00,2022-08-19 02:00:00,29924,Customer_191,1152,13,1,FO,FO02,SN100391,136.04,7,817.45,0,0,CA,PO200391
900392,2022-08-17 16:00:00,2022-08-19 16:00:00,23882,Customer_192,1151,11,1,FO,AE01,SN100392,42.52,60,2199.25,0,1,OH,
900393,2022-08-18 06:00:00,2022-08-20 06:00:00,90274,Customer_193,1150,13,2,CR,FO02,SN100393,57.46,7,401.8,0,0,CA,PO200393
900394,2022-08-18 20:00:00,2022-08-20 20:00:00,96555,Customer_194,1153,11,1,CO,CO01,SN100394,21.83,7,147.84,0,1,TX,PO200394
900395,2022-08-19 10:00:00,2022-08-21 10:00:00,11095,Customer_195,1151,13,1,EL,CR04,SN100395,20.0,1,19.77,0,0,CA,PO200395
900396,2022-08-20 00:00:00,2022-08-22 00:00:00,50983,Customer_196,1154,11,3,FO,FO02,SN100396,28.21,14,347.25,0,0,OH,PO200396
900397,2022-08-20 14:00:00,2022-08-22 14:00:00,24123,Customer_197,1154,11,3,CO,CR04,SN100397,146.37,3,436.53,0,1,NY,
900398,2022-08-21 04:00:00,2022-08-23 04:00:00,76615,Customer_198,1153,12,2,AE,EL03,SN100398,115.13,14,1404.53,0,1,OH,PO200398
900399,2022-08-21 18:00:00,2022-08-23 18:00:00,55278,Customer_199,1154,12,2,CR,EL03,SN100399,87.22,14,1131.13,0,1,CA,
900400,2022-08-22 08:00:00,2022-08-24 08:00:00,61999,Customer_0,1152,11,2,CO,FO02,SN100400,24.04,14,327.94,0,0,OH,PO200400
900401,2022-08-22 22:00:00,2022-08-24 22:00:00,41153,Customer_1,1153,11,3,FO,CR04,SN100401,40.52,14,511.98,0,0,CA,PO200401
900402,2022-08-23 12:00:00,2022-08-25 12:00:00,28344,Customer_2,1154,11,1,FO,EL03,SN100402,36.58,7,233.97,0,1,NY,PO200402
900403,2022-08-24 02:00:00,2022-08-26 02:00:00,47656,Customer_3,1150,11,3,FO,FO02,SN100403,59.37,7,361.25,0,1,NY,PO200403
900404,2022-08-24 16:00:00,2022-08-26 16:00:00,80515,Customer_4,1154,12,3,CO,CR04,SN100404,56.81,28,1381.34,0,0,TX,PO200404
900405,2022-08-25 06:00:00,2022-08-27 06:00:00,11212,Customer_5,1152,13,1,FO,FO02,SN100405,33.07,7,218.28,0,1,NY,PO200405
900406,2022-08-25 20:00:00,2022-08-27 20:00:00,19001,Customer_6,1151,11,1,CO,CR04,SN100406,85.15,7,567.06,0,1,FL,PO200406
900407,2022-08-26 10:00:00,2022-08-28 10:00:00,88784,Customer_7,1151,12,2,FO,EL03,SN100407,78.28,7,529.64,0,1,OH,PO200407
900408,2022-08-27 00:00:00,2022-08-29 00:00:00,91144,Customer_8,1154,11,1,AE,FO02,SN100408,40.04,28,1046.51,0,0,OH,
900409,2022-08-27 14:00:00,2022-08-29 14:00:00,46427,Customer_9,1151,11,1,AE,EL03,SN100409,82.52,7,546.92,1,0,CA,PO200409
900410,2022-08-28 04:00:00,2022-08-30 04:00:00,41368,Customer_10,1154,13,1,EL,FO02,SN100410,146.5,7,873.73,1,1,NY,PO200410
900411,2022-08-28 18:00:00,2022-08-30 18:00:00,80819,Customer_11,1152,11,1,FO,AE01,SN100411,181.21,14,2218.08,1,1,TX,
900412,2022-08-29 08:00:00,2022-08-31 08:00:00,71160,Customer_12,1151,11,2,FO,EL03,SN100412,94.02,14,1313.24,0,1,TX,PO200412
900413,2022-08-29 22:00:00,2022-08-31 22:00:00,35854,Customer_13,1150,13,2,CO,EL03,SN100413,92.1,1,79.34,1,0,TX,PO200413
900414,2022-08-30 12:00:00,2022-09-01 12:00:00,20715,Customer_14,1154,13,1,CO,CO01,SN100414,56.37,7,375.57,0,0,FL,PO200414
900415,2022-08-31 02:00:00,2022-09-02 02:00:00,91701,Customer_15,1151,13,1,FO,EL03,SN100415,137.11,14,1682.33,0,1,NY,PO200415
900416,2022-08-31 16:00:00,2022-09-02 16:00:00,68784,Customer_16,1152,13,2,EL,CR04,SN100416,31.52,180,5433.23,0,0,TX,PO200416
900417,2022-09-01 06:00:00,2022-09-03 06:00:00,36797,Customer_17,1152,12,2,FO,FO02,SN100417,126.43,14,1691.97,1,0,FL,PO200417
900418,2022-09-01 20:00:00,2022-09-03 20:00:00,57573,Customer_18,1150,12,1,CO,AE01,SN100418,54.53,7,337.84,0,0,OH,
900419,2022-09-02 10:00:00,2022-09-04 10:00:00,86120,Customer_19,1152,12,3,FO,CR04,SN100419,189.36,3,505.85,1,1,CA,PO200419
900420,2022-09-03 00:00:00,2022-09-05 00:00:00,24780,Customer_20,1152,11,2,CO,CR04,SN100420,100.66,60,5726.82,0,0,NY,PO200420
900421,2022-09-03 14:00:00,2022-09-05 14:00:00,47905,Customer_21,1151,13,2,FO,CR04,SN100421,63.59,28,1617.69,0,1,NY,PO200421
900422,2022-09-04 04:00:00,2022-09-06 04:00:00,31573,Customer_22,1154,13,2,CR,CR04,SN100422,56.51,3,149.05,0,1,OH,
900423,2022-09-04 18:00:00,2022-09-06 18:00:00,43359,Customer_23,1153,12,1,CO,AE01,SN100423,96.34,3,277.4,0,1,NY,
900424,2022-09-05 08:00:00,2022-09-07 08:00:00,76062,Customer_24,1152,11,1,EL,CO01,SN100424,93.13,14,1138.38,0,1,NY,
900425,2022-09-05 22:00:00,2022-09-07 22:00:00,83391,Customer_25,1152,11,2,CR,EL03,SN100425,50.46,7,345.56,0,0,NY,PO200425
900426,2022-09-06 12:00:00,2022-09-08 12:00:00,53463,Customer_26,1153,11,1,FO,CR04,SN100426,71.11,7,461.56,0,1,NY,PO200426
900427,2022-09-07 02:00:00,2022-09-09 02:00:00,26571,Customer_27,1152,12,1,CO,EL03,SN100427,124.89,3,324.42,0,1,FL,
900428,2022-09-07 16:00:00,2022-09-09 16:00:00,29142,Customer_28,1151,11,2,CR,EL03,SN100428,25.68,3,73.5,0,1,FL,PO200428
900429,2022-09-08 06:00:00,2022-09-10 06:00:00,35104,Customer_29,1151,11,1,EL,CR04,SN100429,110.84,7,719.94,1,1,CA,PO200429
900430,2022-09-08 20:00:00,2022-09-10 20:00:00,18625,Customer_30,1153,11,3,CO,CO01,SN100430,96.05,14,1203.09,0,1,NY,PO200430
900431,2022-09-09 10:00:00,2022-09-11 10:00:00,49199,Customer_31,1152,13,1,CR,EL03,SN100431,153.03,7,978.44,0,1,OH,PO200431
900432,2022-09-10 00:00:00,2022-09-12 00:00:00,25926,Customer_32,1152,12,1,CR,FO02,SN100432,40.41,7,253.09,0,0,TX,
900433,2022-09-10 14:00:00,2022-09-12 14:00:00,41218,Customer_33,1154,13,2,CR,EL03,SN100433,66.95,3,178.66,0,1,CA,PO200433
900434,2022-09-11 04:00:00,2022-09-13 04:00:00,54472,Customer_34,1152,13,2,AE,CR04,SN100434,76.98,7,471.26,1,1,TX,
900435,2022-09-11 18:00:00,2022-09-13 18:00:00,30566,Customer_35,1151,12,3,FO,AE01,SN100435,111.85,3,303.48,1,0,TX,PO200435
900436,2022-09-12 08:00:00,2022-09-14 08:00:00,66125,Customer_36,1150,13,1,CO,EL03,SN100436,90.05,7,559.54,0,1,NY,PO200436
900437,2022-09-12 22:00:00,2022-09-14 22:00:00,43205,Customer_37,1150,11,3,CO,CO01,SN100437,28.0,14,373.43,0,0,OH,PO200437
900438,2022-09-13 12:00:00,2022-09-15 12:00:00,39717,Customer_38,1150,11,3,CO,FO02,SN100438,81.76,1,77.88,1,1,TX,PO200438
900439,2022-09-14 02:00:00,2022-09-16 02:00:00,59984,Customer_39,1150,11,2,CR,FO02,SN100439,271.23,1,250.96,1,1,TX,PO200439
900440,2022-09-14 16:00:00,2022-09-16 16:00:00,35135,Customer_40,1152,11,1,FO,AE01,SN100440,102.33,1,98.92,1,1,CA,PO200440
900441,2022-09-15 06:00:00,2022-09-17 06:00:00,38164,Customer_41,1152,12,2,EL,AE01,SN100441,209.9,7,1434.33,1,1,OH,PO200441
900442,2022-09-15 20:00:00,2022-09-17 20:00:00,84489,Customer_42,1154,13,3,CO,EL03,SN100442,138.4,28,3630.91,0,0,OH,
900443,2022-09-16 10:00:00,2022-09-18 10:00:00,48562,Customer_43,1152,13,3,FO,CR04,SN100443,173.07,1,163.17,0,0,TX,PO200443
900444,2022-09-17 00:00:00,2022-09-19 00:00:00,79110,Customer_44,1150,11,2,FO,CO01,SN100444,82.85,60,4436.05,0,0,OH,PO200444
900445,2022-09-17 14:00:00,2022-09-19 14:00:00,30169,Customer_45,1153,11,2,AE,FO02,SN100445,96.09,1,94.58,0,1,CA,PO200445
900446,2022-09-18 04:00:00,2022-09-20 04:00:00,69858,Customer_46,1153,13,2,CO,AE01,SN100446,79.75,28,1906.09,0,1,CA,PO200446
900447,2022-09-18 18:00:00,2022-09-20 18:00:00,31604,Customer_47,1151,12,2,CR,CO01,SN100447,66.89,7,422.47,0,1,CA,PO200447
900448,2022-09-19 08:00:00,2022-09-21 08:00:00,99670,Customer_48,1151,13,2,FO,CR04,SN100448,112.12,14,1504.13,0,0,NY,PO200448
900449,2022-09-19 22:00:00,2022-09-21 22:00:00,98738,Customer_49,1152,11,3,FO,FO02,SN100449,46.31,7,279.42,0,1,TX,PO200449
900450,2022-09-20 12:00:00,2022-09-22 12:00:00,10684,Customer_50,1153,11,2,EL,FO02,SN100450,249.58,7,1532.98,0,0,OH,PO200450
900451,2022-09-21 02:00:00,2022-09-23 02:00:00,18007,Customer_51,1150,12,1,AE,CR04,SN100451,34.83,28,915.08,0,1,CA,
900452,2022-09-21 16:00:00,2022-09-23 16:00:00,51787,Customer_52,1150,13,3,FO,FO02,SN100452,117.68,28,3077.57,0,1,TX,PO200452
900453,2022-09-22 06:00:00,2022-09-24 06:00:00,59582,Customer_53,1150,12,3,FO,CR04,SN100453,175.05,7,1177.36,1,1,TX,PO200453
900454,2022-09-22 20:00:00,2022-09-24 20:00:00,84791,Customer_54,1152,12,1,CR,FO02,SN100454,58.93,1,57.27,1,1,NY,PO200454
900455,2022-09-23 10:00:00,2022-09-25 10:00:00,93629,Customer_55,1152,11,1,CR,EL03,SN100455,30.6,1,26.6,0,1,OH,PO200455
900456,2022-09-24 00:00:00,2022-09-26 00:00:00,15782,Customer_56,1154,13,3,EL,CR04,SN100456,149.74,28,3575.27,0,1,OH,PO200456
900457,2022-09-24 14:00:00,2022-09-26 14:00:00,76770,Customer_57,1150,11,2,EL,CO01,SN100457,76.89,7,513.17,0,1,CA,PO200457
900458,2022-09-25 04:00:00,2022-09-27 04:00:00,67645,Customer_58,1150,13,3,EL,EL03,SN100458,117.84,7,738.43,0,1,CA,PO200458
900459,2022-09-25 18:00:00,2022-09-27 18:00:00,41996,Customer_59,1152,11,3,CR,CO01,SN100459,61.77,14,816.23,0,0,TX,
900460,2022-09-26 08:00:00,2022-09-28 08:00:00,39204,Customer_60,1152,11,1,CR,FO02,SN100460,224.16,28,5476.67,0,0,OH,PO200460
900461,2022-09-26 22:00:00,2022-09-28 22:00:00,27152,Customer_61,1154,13,3,AE,CO01,SN100461,20.0,14,257.7,1,1,OH,PO200461
900462,2022-09-27 12:00:00,2022-09-29 12:00:00,65186,Customer_62,1154,13,2,CO,EL03,SN100462,86.78,28,2249.1,0,1,CA,
900463,2022-09-28 02:00:00,2022-09-30 02:00:00,95024,Customer_63,1151,11,1,CO,CR04,SN100463,170.58,28,4479.07,0,0,FL,PO200463
900464,2022-09-28 16:00:00,2022-09-30 16:00:00,29689,Customer_64,1153,13,3,AE,AE01,SN100464,71.79,7,465.83,0,1,TX,PO200464
900465,2022-09-29 06:00:00,2022-10-01 06:00:00,60690,Customer_65,1150,11,3,CO,CO01,SN100465,82.41,3,228.52,0,0,OH,PO200465
900466,2022-09-29 20:00:00,2022-10-01 20:00:00,93251,Customer_66,1150,13,2,CR,AE01,SN100466,49.21,28,1240.09,0,0,NY,
900467,2022-09-30 10:00:00,2022-10-02 10:00:00,67320,Customer_67,1154,11,3,CO,CO01,SN100467,67.66,7,407.63,1,1,NY,
900468,2022-10-01 00:00:00,2022-10-03 00:00:00,74226,Customer_68,1154,11,3,CR,CO01,SN100468,20.69,60,1071.91,0,1,FL,PO200468
900469,2022-10-01 14:00:00,2022-10-03 14:00:00,66091,Customer_69,1151,11,3,AE,CR04,SN100469,40.33,1,36.9,0,1,CA,
900470,2022-10-02 04:00:00,2022-10-04 04:00:00,89301,Customer_70,1153,12,3,EL,FO02,SN100470,38.45,1,34.73,0,1,CA,PO200470
900471,2022-10-02 18:00:00,2022-10-04 18:00:00,31942,Customer_71,1151,13,2,AE,EL03,SN100471,106.53,60,5927.65,0,1,CA,
900472,2022-10-03 08:00:00,2022-10-05 08:00:00,48712,Customer_72,1153,11,3,CO,EL03,SN100472,44.7,14,560.58,0,1,NY,PO200472
900473,2022-10-03 22:00:00,2022-10-05 22:00:00,75277,Customer_73,1150,12,3,CR,EL03,SN100473,45.62,7,304.37,0,0,CA,
900474,2022-10-04 12:00:00,2022-10-06 12:00:00,59632,Customer_74,1151,11,3,CO,FO02,SN100474,51.19,28,1403.94,0,0,NY,
900475,2022-10-05 02:00:00,2022-10-07 02:00:00,48031,Customer_75,1154,12,1,CO,AE01,SN100475,39.49,14,494.67,0,0,FL,PO200475
900476,2022-10-05 16:00:00,2022-10-07 16:00:00,30478,Customer_76,1151,11,2,EL,EL03,SN100476,80.5,7,495.32,1,1,TX,
900477,2022-10-06 06:00:00,2022-10-08 06:00:00,32551,Customer_77,1151,11,1,CO,AE01,SN100477,86.86,1,75.35,0,0,OH,PO200477
900478,2022-10-06 20:00:00,2022-10-08 20:00:00,58068,Customer_78,1150,12,1,EL,FO02,SN100478,118.81,28,3135.15,0,0,FL,PO200478
900479,2022-10-07 10:00:00,2022-10-09 10:00:00,45561,Customer_79,1154,12,2,CR,FO02,SN100479,105.31,28,2702.74,0,0,NY,PO200479
900480,2022-10-08 00:00:00,2022-10-10 00:00:00,12892,Customer_80,1154,13,1,CR,CR04,SN100480,98.19,3,258.7,0,1,FL,PO200480
900481,2022-10-08 14:00:00,2022-10-10 14:00:00,34395,Customer_81,1152,13,1,EL,EL03,SN100481,52.97,28,1405.99,0,0,OH,
900482,2022-10-09 04:00:00,2022-10-11 04:00:00,28756,Customer_82,1152,12,1,AE,CR04,SN100482,50.64,60,2650.54,0,1,TX,
900483,2022-10-09 18:00:00,2022-10-11 18:00:00,97710,Customer_83,1152,13,2,CR,EL03,SN100483,36.24,7,236.72,0,0,OH,PO200483
900484,2022-10-10 08:00:00,2022-10-12 08:00:00,44651,Customer_84,1150,12,3,AE,FO02,SN100484,35.79,14,465.46,0,0,NY,PO200484
900485,2022-10-10 22:00:00,2022-10-12 22:00:00,76333,Customer_85,1151,13,2,CR,FO02,SN100485,76.4,7,513.48,0,0,OH,PO200485
900486,2022-10-11 12:00:00,2022-10-13 12:00:00,83745,Customer_86,1154,11,2,CR,CO01,SN100486,40.3,3,103.77,0,1,FL,PO200486
900487,2022-10-12 02:00:00,2022-10-14 02:00:00,59306,Customer_87,1154,13,2,FO,CO01,SN100487,186.39,14,2565.53,0,1,CA,PO200487
900488,2022-10-12 16:00:00,2022-10-14 16:00:00,31346,Customer_88,1151,11,1,CO,FO02,SN100488,64.96,28,1737.81,1,0,FL,
900489,2022-10-13 06:00:00,2022-10-15 06:00:00,38024,Customer_89,1154,11,3,CO,FO02,SN100489,190.75,14,2356.52,1,0,NY,PO200489
900490,2022-10-13 20:00:00,2022-10-15 20:00:00,50818,Customer_90,1151,13,2,AE,AE01,SN100490,99.51,7,611.23,0,1,TX,PO200490
900491,2022-10-14 10:00:00,2022-10-16 10:00:00,15947,Customer_91,1150,12,2,CO,AE01,SN100491,38.7,3,106.21,0,0,OH,PO200491
900492,2022-10-15 00:00:00,2022-10-17 00:00:00,85153,Customer_92,1150,11,3,AE,CR04,SN100492,63.85,1,62.1,1,0,TX,PO200492
900493,2022-10-15 14:00:00,2022-10-17 14:00:00,96240,Customer_93,1150,11,3,CR,CO01,SN100493,20.67,7,141.27,0,0,NY,PO200493
900494,2022-10-16 04:00:00,2022-10-18 04:00:00,77428,Customer_94,1151,13,3,FO,CO01,SN100494,76.2,1,70.71,0,0,OH,
900495,2022-10-16 18:00:00,2022-10-18 18:00:00,39754,Customer_95,1151,12,1,FO,FO02,SN100495,41.26,14,565.62,1,0,FL,PO200495
900496,2022-10-17 08:00:00,2022-10-19 08:00:00,73355,Customer_96,1153,12,3,CR,FO02,SN100496,30.59,7,182.17,0,0,FL,PO200496
900497,2022-10-17 22:00:00,2022-10-19 22:00:00,68241,Customer_97,1154,13,1,EL,CR04,SN100497,193.54,28,4634.93,1,0,NY,PO200497
900498,2022-10-18 12:00:00,2022-10-20 12:00:00,78960,Customer_98,1154,12,2,EL,CO01,SN100498,137.2,7,947.67,1,1,OH,
900499,2022-10-19 02:00:00,2022-10-21 02:00:00,23418,Customer_99,1153,13,1,CO,AE01,SN100499,134.58,14,1820.57,0,0,FL,
